"";"latitude";"longitude";"suptotculm";"ratiosuplo";"ratio_irr_";"nb_boeufs_";"rev_boeuf_";"rev_volail";"rev_mouton";"revenu_ele";"revenu_ag_";"rev_ag_csf";"rev_ag_csc";"rev_transf";"personne_m";"rev_non_ag";"rev_tot_me";"part_rev_e";"part_rev_t";"part_rev_n";"part_rev_a";"montan_glo";"cout_iriga";"cout_iri_1";"cout_irrig";"cout_irr_1";"main_oeuvr";"main_oeu_1";"mo_tot";"part_mo_fa";"rendement_";"rendemen_1";"mo_tot_ha";"quantite_n";"quantite_u";"cout_npk_t";"cout_uree_";"cout_engra";"quantite_1";"quantite_2";"cout_semen";"cout_ure_1";"cout_npk_1";"cout_eng_1";"cout_intra";"cout_int_1";"cout_sem_1";"part_cout_";"part_cou_1";"dist_dakar";"dist_route";"pourc_urba";"travailleu";"membre_act";"taille_men";"membre_hor";"log_trav_h";"surf_score";"y_hat";"y_mean";"sse_i";"sst_i";"ss_bis";"credit";"capital";"sup_Autre";"sup_Carrasol";"sup_Carrotte";"sup_Chou";"sup_Gombo";"sup_Mangue";"sup_Manioc";"sup_Navet";"sup_Oignon";"sup_Pasteque";"sup_Piment";"sup_Tomate";"sup_bissap";"sup_citronelle";"sup_laitue";"sup_menthe";"sup_persil"
"latitude";1;0,937523245655171;-0,170883147764405;NA;NA;-0,0477335931805531;-0,0341805458815454;-0,0766673352478005;0,137908432023575;-0,011386308196626;-0,0786913084800576;-0,0748368535206575;-0,0870301788979093;-0,0868541271202015;-0,106844530664962;0,0735566538698537;-0,0789438319178253;0,0402340554357158;-0,0313220242013051;0,104799604829351;-0,0228579277024312;-0,0596443884170243;-0,113971746828591;-0,0927590634978437;-0,133370468664779;-0,094389063225077;0,0241242550646657;-0,00321221392239413;0,0160637508413512;0,049825474551805;NA;NA;0,202910726653706;-0,093346954032416;-0,0430611644214142;-0,101731167742877;-0,0365336768470315;-0,154784729708673;0,316712902476401;0,203879551232385;-0,128638864628224;0,249428444739961;0,310588021117466;-0,0138418614600627;-0,158035819885324;-0,0121855320897117;0,0274870767857887;-0,0416793449210594;0,0416793418331514;NA;NA;NA;0,0241242550646657;-0,0476444793124192;-0,00168816790404716;-0,00926817202779737;0,37910220855705;-0,220640430990473;NA;NA;NA;0,281042648851354;NA;-0,0596443884170243;NA;-0,0245750544798378;NA;0,0156093795542818;-0,157490342431075;-0,0549618312646879;-0,0639709649043551;-0,03106841842133;-0,0185816658460996;-0,0561871718641601;NA;-0,127132686079443;0,0172510006187107;NA;-0,071096933859179;-0,0786326966799126;-0,0653326597836148;NA
"longitude";0,937523245655171;1;-0,227098191466708;NA;NA;-0,0460180465693295;-0,0236578249260196;-0,035169295350057;0,0985858283999949;-0,00390119256663914;-0,0719492344175694;-0,0676882040567938;-0,0812636783818318;-0,0571642524949949;-0,115005201581018;0,0390825575103903;-0,0721212215284933;0,0471996961413423;0,0165320263568597;0,0604315374668093;-0,0505472942095742;-0,0663709752349467;-0,112108748171365;-0,091380978708806;-0,131275180312626;-0,0714477811454974;0,0443513641578561;-0,067141195977603;-0,0262365230750272;0,115229041429644;NA;NA;0,229248427378535;-0,115751562223439;-0,0599360438224501;-0,12620025875467;-0,0561141060857548;-0,207671873051523;0,344323932390192;0,236918308060406;-0,14657897420727;0,281034645094853;0,333033496841769;-0,0661782542972244;-0,210927264578307;-0,0620674492896681;0,0713058881316927;0,0176580521757383;-0,0176580534375315;NA;NA;NA;0,0443513641578561;-0,0402187264499428;0,0239657529852659;0,0123704272976353;0,456252845817231;-0,29654362214232;NA;NA;NA;0,325836163960245;NA;-0,0663709752349467;NA;-0,0373329185666115;NA;-0,00604010575461152;-0,180342779436365;0,00318076064482071;-0,0751937495895672;-0,010525683300714;-0,025431075772566;-0,0773821010221723;NA;-0,123524491290178;-0,010192383629347;NA;-0,0691170465969836;-0,0916320528293472;-0,0762302272940274;NA
"suptotculm";-0,170883147764405;-0,227098191466708;1;NA;NA;0,165373763924681;0,07709129110273;-0,0161105440775836;0,17299932699468;0,124752873976118;0,126307416025338;0,113152789189209;0,155674215757718;-0,0294607055921772;0,201596185239678;0,0840042295967784;0,126536935706597;-0,00912039519599388;-0,140622380347379;-0,0156877120190965;0,124909010723185;0,108846042525153;0,145306537552056;0,102744195998232;0,16051431132269;-0,0545464882065418;0,220711412869142;0,426712593882239;0,562349924997912;-0,0619259306158102;NA;NA;-0,183806179992349;0,611405469670133;0,599211528892359;0,608612558771368;0,585678769622816;0,560890481969955;-0,193508227601726;-0,191917616771597;0,577447379759015;-0,221248663667663;-0,202737912621105;0,138830123157113;0,577405823107272;0,136734595626471;-0,0465412208746092;-0,0878855355513123;0,0878855343739401;NA;NA;NA;0,220711412869142;0,308017245604867;0,323684818838851;0,283653888439941;-0,545411877175668;0,80925778780371;NA;NA;NA;-0,122753208750575;NA;0,108846042525153;NA;0,290535318811675;NA;0,273757473806587;0,743292015838662;-0,0299479018927525;0,134602882753157;0,0826694297360842;0,264312911145469;0,410178903557846;NA;0,0681931659801482;0,133567630150433;NA;0,0583192516689479;-0,0213373957967762;0,00704785161002005;NA
"ratiosuplo";NA;NA;NA;1;NA;NA;NA;NA;NA;NA;NA;NA;NA;NA;NA;NA;NA;NA;NA;NA;NA;NA;NA;NA;NA;NA;NA;NA;NA;NA;NA;NA;NA;NA;NA;NA;NA;NA;NA;NA;NA;NA;NA;NA;NA;NA;NA;NA;NA;NA;NA;NA;NA;NA;NA;NA;NA;NA;NA;NA;NA;NA;NA;NA;NA;NA;NA;NA;NA;NA;NA;NA;NA;NA;NA;NA;NA;NA;NA;NA;NA;NA
"ratio_irr_";NA;NA;NA;NA;1;NA;NA;NA;NA;NA;NA;NA;NA;NA;NA;NA;NA;NA;NA;NA;NA;NA;NA;NA;NA;NA;NA;NA;NA;NA;NA;NA;NA;NA;NA;NA;NA;NA;NA;NA;NA;NA;NA;NA;NA;NA;NA;NA;NA;NA;NA;NA;NA;NA;NA;NA;NA;NA;NA;NA;NA;NA;NA;NA;NA;NA;NA;NA;NA;NA;NA;NA;NA;NA;NA;NA;NA;NA;NA;NA;NA;NA
"nb_boeufs_";-0,0477335931805531;-0,0460180465693295;0,165373763924681;NA;NA;1;0,945618785040858;-0,00431706911602375;0,10001832621984;0,751480787669892;-0,000515159279667279;-0,00261809778793888;0,00431161899428172;0,171511286404219;0,16373027848572;0,11296588026831;0,00170307393579343;0,369003291959444;0,0517116296936525;0,014607217584195;-0,181557192829158;-0,0263435055172305;-0,00799784333345765;-0,00445014058637161;-0,00809528190797756;-0,0232306418666734;0,103827754157777;0,0247322170883414;0,10425143777976;0,0328575664850931;NA;NA;-0,0329143020773634;0,0287572730250526;0,0519027120624714;0,0390076523038921;0,0518016564718812;0,0939608317161702;-0,0499998747394925;0,00414641356391078;0,0489258280994435;0,00458324302641243;-0,0360973405966979;0,0209138662601033;0,0946938545712697;0,0199731506797686;-0,0168771736438459;-0,0481315632594952;0,0481315613102023;NA;NA;NA;0,103827754157777;0,0348808351851292;0,0689889595074461;0,0429578607945844;-0,0649551013409727;0,113410206499217;NA;NA;NA;-0,0409881434191175;NA;-0,0263435055172305;NA;0,0835810154341412;NA;-0,0244547934861052;0,204532291686468;-0,0087469779314512;-0,0118435784389903;-0,014305848316123;-0,032343902403332;0,0331548991916076;NA;-0,0523242175866729;0,0310751463123424;NA;-0,00810044371809031;-0,00810044371809031;-0,00910295241573865;NA
"rev_boeuf_";-0,0341805458815454;-0,0236578249260196;0,07709129110273;NA;NA;0,945618785040858;1;-0,00215738015311907;0,094024956120538;0,799095358406761;-0,00377305840036582;-0,00402163401550698;-0,0031788299914205;0,117078424062879;0,118133865820657;0,0736207330887963;-0,0017351267374047;0,407665134324617;0,043663826337467;0,0154895299495407;-0,189214225694235;-0,0236276062052322;-0,00940500087250839;-0,00631233106161891;-0,0101819862611412;-0,0203557665569186;0,0848819073583227;0,0134975046627021;0,0791066163672004;0,0259905494753299;NA;NA;-0,0281976422096561;0,018660038707751;0,0414825360298104;0,0296889104084592;0,0416109317850442;0,0372856235851896;-0,0342726710333953;0,0298541327193026;0,0289323880461907;0,0289940501828453;-0,0185081834039804;-0,00827285329187416;0,0379813534003103;-0,00862696682130032;-0,00478725122402566;-0,0290480146763856;0,029048014765297;NA;NA;NA;0,0848819073583227;0,0357294069177368;0,0546140171086734;0,0331784882209103;-0,0389052487853201;0,083252171815368;NA;NA;NA;-0,0487531718487713;NA;-0,0236276062052322;NA;0,115750122814583;NA;-0,0178217937950182;0,0933132722680049;-0,00784520305830251;-0,0106225577015257;-0,0128309784065774;-0,0290093886186311;0,0135009404783868;NA;-0,0469298213681611;0,0446520885890103;NA;-0,0072653236727929;-0,0072653236727929;-0,0081644781421881;NA
"rev_volail";-0,0766673352478005;-0,035169295350057;-0,0161105440775836;NA;NA;-0,00431706911602375;-0,00215738015311907;1;-0,015860369835416;0,388467516888852;-0,00398726231035719;-0,00288109826820291;-0,00649902154505468;-0,0196340150257574;-0,0379515537639727;-0,0124548278452333;-0,00336384675555972;0,529726843136038;-0,0208349043181996;-0,0039412117432279;-0,173760352224221;0,0660896870037592;-0,00133899546187062;-0,001185573082051;-0,00162569762589754;0,0492543907342467;-0,0481914710276527;0,00948564504616787;-0,0292946697024752;-0,0596263935115792;NA;NA;0,0641940929189903;-0,0272750530938615;-0,0349280552970823;-0,0280179844070685;-0,0341607848387247;-0,0221148108711175;-0,0538217150408932;-0,0723185768927011;0,000981153517874895;-0,0621836285363871;-0,0404916170048331;0,148550619308714;-0,0217557746560241;0,148500336742324;-0,0152003717533513;0,0893040343845206;-0,0893040485614462;NA;NA;NA;-0,0481914710276527;-0,0629332209453668;-0,0418405990359247;-0,0306072144652489;0,0528200658643129;-0,00372826637387769;NA;NA;NA;0,13459128948912;NA;0,0660896870037592;NA;-0,0241927844781081;NA;-0,00669593903836493;-0,0331659079585094;-0,00410533868272924;-0,00555870851493712;-0,00671435928405191;-0,013358742657569;-0,0386955835352185;NA;0,139656480880145;-0,028886804635029;NA;-0,0038018919452824;-0,0038018919452824;-0,00427241305194139;NA
"rev_mouton";0,137908432023575;0,0985858283999949;0,17299932699468;NA;NA;0,10001832621984;0,094024956120538;-0,015860369835416;1;0,430864169685527;-0,00837215877169042;-0,00851038509704032;-0,00800169414046802;-0,019229684405908;-0,024274540951429;0,210878500394342;-0,00735161784654782;0,496555472858722;-0,0704122651041705;0,256954493495712;-0,205783667570029;-0,0411681734581032;0,0357848609585717;0,0194846269441818;0,0359589336144667;-0,0425569588517085;-0,141446867915859;0,194216248372215;0,0655393465068838;-0,201080617569141;NA;NA;-0,071038707223258;0,254391814609323;0,133758011327;0,257819515047389;0,127753641311632;0,0935744556959962;-0,0518160159597736;-0,0612393429194888;0,0792944861059126;-0,0797499862630548;-0,0545489521065339;-0,0271568162212739;0,0956048158366311;-0,030827775738669;-0,0553112922314669;-0,0671686686130989;0,0671686638614126;NA;NA;NA;-0,141446867915859;-0,0182514797875196;-0,0142718420066807;0,0280822000314131;-0,204720978944409;0,206669566381202;NA;NA;NA;-0,0727275115116481;NA;-0,0411681734581032;NA;0,135312082369984;NA;0,0311106875433351;0,145863478177162;-0,0165559977072522;-0,0224171432714537;-0,027077648277859;0,0528352476683182;0,201257850764012;NA;-0,0583374965213106;0,153196002166567;NA;-0,0153322586012491;-0,0153322586012491;-0,0172297747296581;NA
"revenu_ele";-0,011386308196626;-0,00390119256663914;0,124752873976118;NA;NA;0,751480787669892;0,799095358406761;0,388467516888852;0,430864169685527;1;0,0569572658553231;0,0573797346004541;0,0556248612064489;0,0587702034812647;0,0586948866703615;0,115737103072569;0,0591959629885268;0,713641878251876;-0,0115485657300297;0,095333299716285;-0,280611618167501;0,00411285304410837;0,00676930609531654;0,00287370637639503;0,00630376302652368;-0,0142729606775103;-0,00574455309079966;0,0879474436660809;0,0755743636419223;-0,0820151486687402;NA;NA;-0,0272135117982831;0,122336268140816;0,0838363290018825;0,133025005944628;0,0810145947444256;0,0663469470913575;-0,0608373615523441;-0,0291834216552975;0,0609371769917733;-0,0356413641387915;-0,0452962195336751;0,0436914995937094;0,0679870988043166;0,0417314910980585;-0,0351754209485844;-0,0140316580333028;0,0140316476403652;NA;NA;NA;-0,00574455309079966;-0,00370454473474394;0,0237957278790485;0,0276231158078767;-0,09801916862198;0,157398119371162;NA;NA;NA;-0,0186040958697101;NA;0,00411285304410837;NA;0,138110986353362;NA;0,0024051231898018;0,107759457478523;-0,0147506117419795;-0,0199726155202773;-0,024124905287805;0,0193087817700461;0,0843049724540913;NA;-0,0048073626973541;0,0908485960722002;NA;-0,0136603180160857;-0,0136603180160857;-0,015350915235246;NA
"revenu_ag_";-0,0786913084800576;-0,0719492344175694;0,126307416025338;NA;NA;-0,000515159279667279;-0,00377305840036582;-0,00398726231035719;-0,00837215877169042;0,0569572658553231;1;0,999156541710575;0,995554541197669;-0,0149454806076892;-0,0267093650206616;-0,0124986675080953;0,999988304414049;-0,0163640021760722;-0,0258070982107367;-0,0176694508777753;0,0330824519334968;0,0356061152391575;0,00999291897732019;0,0093843661189849;0,0124618299872309;-0,0100014582075469;0,00812699126268868;0,0746831558523282;0,0744130822933868;-0,0190697296893197;NA;NA;-0,0209450001947855;0,341652452371615;0,296229578942757;0,354662737512445;0,281771846682288;0,0364034102356158;0,124930103836545;0,117204566137399;0,115545576072587;0,0919117884500546;0,117340028894235;-0,00741643446975348;0,0407960725415074;-0,00686691064772867;0,00939333597573766;-0,0181757322636288;0,0181757329609945;NA;NA;NA;0,00812699126268868;0,0201635960944674;-0,0157471290550292;-0,0196128732544581;-0,0664726619100836;0,147270593840127;NA;NA;NA;-0,0150642302466834;NA;0,0356061152391575;NA;-0,0104692431673837;NA;0,239617804952971;0,0789180733012558;-0,00426112669884471;-0,00589014971169662;-0,00545285740360991;0,00810463883627373;0,091294469513369;NA;-0,0106878740608088;-0,0195124426369377;NA;-0,00413288416599189;-0,00416196453987209;-0,00480223888606833;NA
"rev_ag_csf";-0,0748368535206575;-0,0676882040567938;0,113152789189209;NA;NA;-0,00261809778793888;-0,00402163401550698;-0,00288109826820291;-0,00851038509704032;0,0573797346004541;0,999156541710575;1;0,990847199062574;-0,0136513596399692;-0,0305096682537603;-0,0132386060364379;0,999149663442524;-0,0145216547965726;-0,024378915799571;-0,0164737342412255;0,0308404886465162;0,033821146799535;0,00910058094980644;0,00736917323034071;0,01062648828626;-0,00957470372252897;0,00691551915446467;0,0682189912124885;0,0675723910083853;-0,0178077054125579;NA;NA;-0,0189793603952748;0,335034395558598;0,288796190389565;0,347728991913616;0,274242601675736;0,0324946744935164;0,12583523828997;0,121130552265307;0,108602384064722;0,0956674243368825;0,117970982018968;-0,00818109456958913;0,0366480756295599;-0,00750375358798861;0,0114850514727855;-0,0159691629784338;0,0159691640926222;NA;NA;NA;0,00691551915446467;0,0200445050834054;-0,0181582926660764;-0,0218591605058967;-0,060915927303128;0,137864493068485;NA;NA;NA;-0,0148216761484192;NA;0,033821146799535;NA;-0,0109088392122441;NA;0,243077108475447;0,0679844718357367;-0,00345673333823917;-0,00624095198781928;-0,00607430121793364;0,0026413567631723;0,083461721834796;NA;-0,0129926834776255;-0,0192811052669359;NA;-0,00387693006371135;-0,00391860796866719;-0,00471707622378135;NA
"rev_ag_csc";-0,0870301788979093;-0,0812636783818318;0,155674215757718;NA;NA;0,00431161899428172;-0,0031788299914205;-0,00649902154505468;-0,00800169414046802;0,0556248612064489;0,995554541197669;0,990847199062574;1;-0,0178184402810703;-0,0178222355431218;-0,0107217346001722;0,995531870794654;-0,0204853740878373;-0,0289182564445924;-0,0202993230426053;0,0380137546669726;0,0394731112313339;0,0119759122866696;0,0139467233547695;0,0165920303572468;-0,0109164910191882;0,0108538833201701;0,0890334700002575;0,0896287552845586;-0,0218427574126542;NA;NA;-0,0253199400463401;0,354652459135016;0,311389508489597;0,368303829936561;0,297243883031732;0,0451365873719317;0,122056939081158;0,107451791885389;0,130733923761449;0,0827111150270201;0,115144176653279;-0,00561522230743323;0,0500500153360896;-0,00536237756215702;0,00453565662467792;-0,0231209579462953;0,0231209576831495;NA;NA;NA;0,0108538833201701;0,020308110374012;-0,0101161952588805;-0,0143354510608293;-0,078793993880514;0,16790568506066;NA;NA;NA;-0,0155244640003539;NA;0,0394731112313339;NA;-0,00939415022589145;NA;0,230154451953788;0,103492874213947;-0,00607897014978397;-0,00504793828891172;-0,00399266781356693;0,0205840139845721;0,108677905663103;NA;-0,00533316371249007;-0,0199185678341929;NA;-0,00469359573074321;-0,00469359573074322;-0,00496693718533009;NA
"rev_transf";-0,0868541271202015;-0,0571642524949949;-0,0294607055921772;NA;NA;0,171511286404219;0,117078424062879;-0,0196340150257574;-0,019229684405908;0,0587702034812647;-0,0149454806076892;-0,0136513596399692;-0,0178184402810703;1;0,480252037407127;0,114021899632536;-0,0107699065350151;0,00957798938177769;0,768787061271898;0,0402120257596996;-0,65339356754871;-0,0319726634301447;-0,0268844814542099;-0,0220169386071498;-0,0315440250185082;-0,0323754785374503;-0,0171502250248187;-0,0243792556481952;-0,0357025076526818;-0,00129842003271213;NA;NA;-0,0445092848478483;-0,0209860287700427;0,000134267936345939;-0,0130810624800545;0,00660120252106768;-0,00521697299754994;-0,0359328385277467;-0,0132835240690361;-0,0324859094847786;-0,0123077824200722;-0,031845507292255;-0,037750543366175;-0,00652397705391753;-0,0399994682845677;-0,0318375128647265;0,0112254601701631;-0,0112254498047606;NA;NA;NA;-0,0171502250248187;-0,000814297550796314;0,0972915787192982;0,110987491042084;-0,0180111787588349;-0,0382345588953289;NA;NA;NA;-0,0997135583318844;NA;-0,0319726634301447;NA;0,0140076047394703;NA;-0,0423779007590915;-0,0137241263305934;-0,0165605766508132;0,0176029036723054;0,164228250641655;-0,018554351758518;-0,0422192629887821;NA;-0,069463318978987;0,0375932379012755;NA;-0,0153364990914956;-0,0153364990914956;-0,017234540021817;NA
"personne_m";-0,106844530664962;-0,115005201581018;0,201596185239678;NA;NA;0,16373027848572;0,118133865820657;-0,0379515537639727;-0,024274540951429;0,0586948866703615;-0,0267093650206616;-0,0305096682537603;-0,0178222355431218;0,480252037407127;1;0,047907797879627;-0,0246566800973199;0,00528687655705751;0,386815282104657;-0,0174605825570685;-0,316625429679871;-0,0413890056924437;0,011885952222431;0,0419948856398704;0,0337470356574383;-0,0399643125806432;0,276615522382723;-0,0235690645150058;0,196270560518132;0,174313425176996;NA;NA;-0,000500630811391511;0,122719495179028;0,0624681967312231;0,133968482478404;0,0616316737908155;0,352974857016682;-0,0199046855837698;-0,10311178742341;0,0914496365133218;-0,102786524624728;-0,012710408563033;0,236827735453743;0,351800414230739;0,234667679213077;-0,0570636891340058;-0,114062047293559;0,114062066016835;NA;NA;NA;0,276615522382723;0,218642087409174;0,352488119422212;0,297720013414065;-0,0745104882191902;0,214462049878722;NA;NA;NA;-0,0542234562710536;NA;-0,0413890056924437;NA;0,181849681646452;NA;-0,0406631117664073;0,2122754335298;0,00365859441929595;-0,0127279955987529;0,0422596599494476;0,0193509713399201;-0,0249615590568388;NA;-0,0588070634356944;-0,0137112170007707;NA;0,160956547239802;-0,0322876906139723;-0,0362836063679696;NA
"rev_non_ag";0,0735566538698537;0,0390825575103903;0,0840042295967784;NA;NA;0,11296588026831;0,0736207330887963;-0,0124548278452333;0,210878500394342;0,115737103072569;-0,0124986675080953;-0,0132386060364379;-0,0107217346001722;0,114021899632536;0,047907797879627;1;-0,0104195309095109;0,124240001845605;0,0370495188721615;0,803810294015027;-0,338075893531696;0,0153779679431657;-0,0144348345459626;-0,0138117720882839;-0,0181583167319629;-0,0343762900590945;-0,103785699100157;0,0910106580930009;0,00119186400858677;-0,100970858540132;NA;NA;-0,0538676167641553;0,0848146256423768;0,0459511606806683;0,0884516430008593;0,045101506184936;0,105858659228492;-0,0803356759371418;-0,0623749978243442;0,122520723855395;-0,0581094594448118;-0,0762881906801462;-0,0129670627367832;0,109551486572983;-0,010174639897764;0,0453350376268716;0,0143426746115779;-0,0143426907561415;NA;NA;NA;-0,103785699100157;-0,0621888715439911;0,0056725209396861;0,0381452155048838;-0,116516236448757;0,110353260534342;NA;NA;NA;-0,0690206752073527;NA;0,0153779679431657;NA;0,0204156881377001;NA;-0,0706070049655426;0,0881882917905288;-0,0142791478640438;-0,0193342442492805;-0,0233538171728999;0,0138547403095049;0,105394305532233;NA;-0,037102506913668;-0,021599328455542;NA;-0,01322370246289;-0,01322370246289;-0,0148602642606784;NA
"rev_tot_me";-0,0789438319178253;-0,0721212215284933;0,126536935706597;NA;NA;0,00170307393579343;-0,0017351267374047;-0,00336384675555972;-0,00735161784654782;0,0591959629885268;0,999988304414049;0,999149663442524;0,995531870794654;-0,0107699065350151;-0,0246566800973199;-0,0104195309095109;1;-0,0148312887781845;-0,0227730277248822;-0,0161945038525643;0,029531604096715;0,035509252331241;0,00987955238197846;0,00928371818955241;0,0123240233627778;-0,0102026284297138;0,00790174720574961;0,0748765806967581;0,0744119406433765;-0,0193688646878519;NA;NA;-0,0212446755470495;0,34190295945592;0,296438114104655;0,354968486789418;0,281999803597261;0,0366543942310876;0,124558275753286;0,117005458521641;0,115700518505796;0,0917116489282745;0,117018923951341;-0,00750122934843288;0,0410500462455982;-0,00696016537041742;0,00926802322920922;-0,0181367190407022;0,0181367197363939;NA;NA;NA;0,00790174720574961;0,0200644655382177;-0,0153145986912808;-0,019073539677958;-0,0668867500382679;0,147562709808069;NA;NA;NA;-0,0155853004435069;NA;0,035509252331241;NA;-0,0101300147940942;NA;0,239346767272264;0,0791855196804302;-0,0043731332425767;-0,00588552006673751;-0,00488911882051917;0,00808719884894793;0,0914312503206662;NA;-0,0110202117911749;-0,0192277054800894;NA;-0,00423660411009565;-0,00426568329739573;-0,00491878874042075;NA
"part_rev_e";0,0402340554357158;0,0471996961413423;-0,00912039519599388;NA;NA;0,369003291959444;0,407665134324617;0,529726843136038;0,496555472858722;0,713641878251876;-0,0163640021760722;-0,0145216547965726;-0,0204853740878373;0,00957798938177769;0,00528687655705751;0,124240001845605;-0,0148312887781845;1;-0,01543300364279;0,289307137103026;-0,444643390750722;-0,0174411967074284;-0,0235489704153936;-0,0188946772941595;-0,0273906353580927;0,0112222879195068;-0,065536318396277;0,0311553663087866;-0,0232123113499657;-0,108164800486229;NA;NA;0,0188362395252572;-0,0190883632948634;-0,0236550874323816;-0,0131886429322604;-0,023100922869378;-0,0284646354724894;-0,0932309797372083;-0,0684436732872801;-0,0238559850005563;-0,0634395727686921;-0,0728578017716979;0,099290339162791;-0,0290709920452286;0,0966508190782831;-0,0512933832420303;-0,0463529997309126;0,0463529868912151;NA;NA;NA;-0,065536318396277;-0,0785380034035887;-0,0519920974387154;-0,0362913816627149;-0,0120321647415366;0,0427425055086066;NA;NA;NA;0,0434736676319126;NA;-0,0174411967074284;NA;0,0766924359819335;NA;-0,0412957808189751;-0,0339619869154195;-0,0128757130329517;-0,0174339661605152;-0,0210584728868494;-0,0115558407064946;0,0608250116163221;NA;-0,0357358018506289;0,0565005546176834;NA;-0,0119240027322675;-0,0119240027322675;-0,0133997140470915;NA
"part_rev_t";-0,0313220242013051;0,0165320263568597;-0,140622380347379;NA;NA;0,0517116296936525;0,043663826337467;-0,0208349043181996;-0,0704122651041705;-0,0115485657300297;-0,0258070982107367;-0,024378915799571;-0,0289182564445924;0,768787061271898;0,386815282104657;0,0370495188721615;-0,0227730277248822;-0,01543300364279;1;0,0303029057218253;-0,83259693764889;-0,0326004970289611;-0,0479228888593755;-0,0361944303654699;-0,0543556065824805;-0,0195172867343657;-0,0564166436335575;-0,103847605166903;-0,138984731453522;0,029356416681232;NA;NA;0,00594975093018871;-0,0958916357787319;-0,0971929061140788;-0,0927062148135038;-0,0916945283676287;-0,10715724214302;0,049202201599646;0,0156868432950522;-0,111969825097827;0,0354950795402729;0,0520749006038187;-0,0867452249063831;-0,11038263351432;-0,0890106909400402;-0,0273470115829709;0,0450030818585513;-0,0450030637831762;NA;NA;NA;-0,0564166436335575;-0,0726840732882893;0,00870340084922135;0,0268410072060751;0,113684951295332;-0,167531142185574;NA;NA;NA;-0,0106058040607182;NA;-0,0326004970289611;NA;-0,0143705375774638;NA;-0,0922548778835888;-0,092139574906706;-0,0174269752712626;-0,00188050779921663;0,112173564852735;-0,0526305293110878;-0,114099505605289;NA;-0,049007828132924;0,0240129816838227;NA;-0,0161388577252296;-0,0161388577252296;-0,0181361983404751;NA
"part_rev_n";0,104799604829351;0,0604315374668093;-0,0156877120190965;NA;NA;0,014607217584195;0,0154895299495407;-0,0039412117432279;0,256954493495712;0,095333299716285;-0,0176694508777753;-0,0164737342412255;-0,0202993230426053;0,0402120257596996;-0,0174605825570685;0,803810294015027;-0,0161945038525643;0,289307137103026;0,0303029057218253;1;-0,456428253783866;0,0200127453927694;-0,0266593147199089;-0,02646284305262;-0,0341218105770699;-0,027608581854325;-0,108103508990796;0,0318705035342209;-0,0560674177139929;-0,089155183365239;NA;NA;-0,0436106501907603;-0,0372193517435378;-0,039263520174926;-0,0354317705482575;-0,0365579833334647;-0,0278489619123218;-0,116602376853006;-0,0860997244718869;0,024819029223707;-0,078879574142568;-0,107333588585667;-0,0635295739283336;-0,026393658292589;-0,0625197267975637;0,0221012826839723;0,029557830447815;-0,0295578422329304;NA;NA;NA;-0,108103508990796;-0,11212837675906;-0,065801889012513;-0,0381776608506051;-0,0641216917343146;0,00446487361867627;NA;NA;NA;-0,0728650009103472;NA;0,0200127453927694;NA;-0,0152735499644476;NA;-0,0668105946559912;-0,0358086444029633;-0,0128093427004991;-0,0173440994380216;-0,0209499229492368;0,000747611971947405;0,067679254823276;NA;-0,0412526607832435;-0,0259481438129351;NA;-0,0118625381731024;-0,0118625381731024;-0,0133306426509056;NA
"part_rev_a";-0,0228579277024312;-0,0505472942095742;0,124909010723185;NA;NA;-0,181557192829158;-0,189214225694235;-0,173760352224221;-0,205783667570029;-0,280611618167501;0,0330824519334968;0,0308404886465162;0,0380137546669726;-0,65339356754871;-0,316625429679871;-0,338075893531696;0,029531604096715;-0,444643390750722;-0,83259693764889;-0,456428253783866;1;0,0268047593981034;0,0569429470531566;0,0454743946379132;0,0661008920284405;0,0211011651831559;0,105796308652721;0,064308577356087;0,141844241193819;0,0440418192673988;NA;NA;0,00246397475479401;0,0985024694671471;0,101905175089891;0,0931389097393683;0,0962668065775183;0,108180144209432;0,031138056819001;0,0399477171606074;0,0933077175432341;0,0193677597295669;0,0183381641425913;0,0565370309010529;0,110597026928689;0,0590422396314553;0,034060938975527;-0,030094058969549;0,0300940525041492;NA;NA;NA;0,105796308652721;0,125304072459474;0,0331366101944789;0,00339941802298157;-0,0688755313245708;0,121794481090763;NA;NA;NA;0,0167788844280768;NA;0,0268047593981034;NA;-0,0109542158874879;NA;0,113207639208936;0,10033376934087;0,0232888906486446;0,0135460332872213;-0,0784339078343961;0,0475455926601142;0,0503450412968539;NA;0,0670275834925225;-0,0319344161757475;NA;0,0215674887297682;0,0215674887297682;0,0242366752324457;NA
"montan_glo";-0,0596443884170243;-0,0663709752349467;0,108846042525153;NA;NA;-0,0263435055172305;-0,0236276062052322;0,0660896870037592;-0,0411681734581032;0,00411285304410837;0,0356061152391575;0,033821146799535;0,0394731112313339;-0,0319726634301447;-0,0413890056924437;0,0153779679431657;0,035509252331241;-0,0174411967074284;-0,0326004970289611;0,0200127453927694;0,0268047593981034;1;0,00978737561189623;0,00549234447059502;0,00993514259804197;-0,0109781949354834;-0,0305177378178231;0,184208481463926;0,143741919331454;-0,0502685982002823;NA;NA;-0,0241252147822958;0,0596811858428636;0,0898485896572302;0,0637086619101335;0,0864436057715725;0,0161128649187547;0,0191180131216309;-0,0353468030982718;0,133014167493595;-0,0399014557947079;0,0225070156709587;-0,0210877905826206;0,0215397163676823;-0,0201394108179178;0,0170149997115825;0,0219304785767893;-0,0219304786599579;NA;NA;NA;-0,0305177378178231;0,0290521636189532;0,00424212888892271;0,0140131224361273;-0,0488610267648976;0,0947527756737636;NA;NA;NA;-0,0301730945193182;NA;1;NA;-0,00832283461711692;NA;0,12141435152981;0,0167270631947427;-0,00877918068839062;0,0297740753277934;-0,0143585165359066;0,00579237637919785;0,123265690990872;NA;-0,0212954316407662;-0,0385517422410228;NA;-0,00813026620331886;-0,00813026620331886;-0,00913646572357736;NA
"cout_iriga";-0,113971746828591;-0,112108748171365;0,145306537552056;NA;NA;-0,00799784333345765;-0,00940500087250839;-0,00133899546187062;0,0357848609585717;0,00676930609531654;0,00999291897732019;0,00910058094980644;0,0119759122866696;-0,0268844814542099;0,011885952222431;-0,0144348345459626;0,00987955238197846;-0,0235489704153936;-0,0479228888593755;-0,0266593147199089;0,0569429470531566;0,00978737561189623;1;0,210722264860129;0,800003010241141;0,815089338662223;0,148866667533465;0,113897490017383;0,220908684718989;0,0431067811144897;NA;NA;-0,0329069668421812;0,16365679579835;0,143211771357833;0,164487740050251;0,144437783380032;0,0992161482220819;-0,0460820286407698;-0,0470833801718557;0,131285404718942;-0,0532563275465728;-0,0487882653588658;0,00177854206745303;0,103377106136348;0,00522795628691347;0,0542754849052168;0,105183297460412;-0,10518329487941;NA;NA;NA;0,148866667533465;0,118896639260108;0,0632657584583882;0,0228608228032149;-0,0381657585243024;0,0987659986019593;NA;NA;NA;-0,0518208832551063;NA;0,00978737561189623;NA;0,0274331341946884;NA;0,202612235943961;0,0861644182152318;-0,0105772780620166;-0,00559857820715392;-0,00878956802987574;0,0830991406732809;0,0626570067495132;NA;-0,0210037726603295;-0,00711185952639801;NA;-0,00341836806373313;-0,00724522779606116;-0,0081874296049227;NA
"cout_iri_1";-0,0927590634978437;-0,091380978708806;0,102744195998232;NA;NA;-0,00445014058637161;-0,00631233106161891;-0,001185573082051;0,0194846269441818;0,00287370637639503;0,0093843661189849;0,00736917323034071;0,0139467233547695;-0,0220169386071498;0,0419948856398704;-0,0138117720882839;0,00928371818955241;-0,0188946772941595;-0,0361944303654699;-0,02646284305262;0,0454743946379132;0,00549234447059502;0,210722264860129;1;0,755102105773993;0,621044775756113;0,00229301330864111;0,152033042716372;0,140265571412668;-0,0426311414723603;NA;NA;-0,0289444973015756;0,110153764539697;0,0905269368249014;0,110993880454119;0,0912478155226233;0,0588908484280146;-0,0371388885254895;-0,0225106738721723;0,0533131808856972;-0,0278263732874173;-0,0382186688419047;-0,0035202399292937;0,0603136768832636;-0,00535347256866415;-0,0285956208473956;-0,0176500519877631;0,0176500661460522;NA;NA;NA;0,00229301330864111;0,0668622680753155;0,0415418393213458;0,0444265621939905;-0,0403127846799367;0,123564708590791;NA;NA;NA;-0,0504459035204169;NA;0,00549234447059502;NA;0,0223549853603143;NA;0,159226421955798;0,0854613730801776;-0,00831501422524865;-0,00552644865991092;-0,0084677118051814;0,0407670634020027;0,0335086391443511;NA;-0,020710774949486;-0,00943653335937584;NA;-0,00351995702821852;-0,00561073503160172;-0,00675843955539021;NA
"cout_irrig";-0,133370468664779;-0,131275180312626;0,16051431132269;NA;NA;-0,00809528190797756;-0,0101819862611412;-0,00162569762589754;0,0359589336144667;0,00630376302652368;0,0124618299872309;0,01062648828626;0,0165920303572468;-0,0315440250185082;0,0337470356574383;-0,0181583167319629;0,0123240233627778;-0,0273906353580927;-0,0543556065824805;-0,0341218105770699;0,0661008920284405;0,00993514259804197;0,800003010241141;0,755102105773993;1;0,927836484074244;0,101247267900034;0,169701717881168;0,234247914929723;0,0027442214178646;NA;NA;-0,0398350849475158;0,177369040835169;0,151610739999857;0,17844197167121;0,152875444349793;0,102686827425106;-0,0537006909677208;-0,0453937907989743;0,12077115087652;-0,0527964371288849;-0,0561784180740618;-0,00096783666278408;0,106350742434797;0,000220372004621842;0,0188493859749637;0,0597096905918326;-0,0597096801707987;NA;NA;NA;0,101247267900034;0,120778551051887;0,0679276739611326;0,0426000212665034;-0,0503395817393646;0,142080304858663;NA;NA;NA;-0,0657170977354021;NA;0,00993514259804197;NA;0,0321194735417243;NA;0,233614850630083;0,110241868417847;-0,0121973955521703;-0,00714678944746522;-0,0110921609370194;0,0807537161505693;0,062588804975533;NA;-0,0267983371909142;-0,010561619400297;NA;-0,00445305586950853;-0,00830287504868067;-0,00963921363704009;NA
"cout_irr_1";-0,094389063225077;-0,0714477811454974;-0,0545464882065418;NA;NA;-0,0232306418666734;-0,0203557665569186;0,0492543907342467;-0,0425569588517085;-0,0142729606775103;-0,0100014582075469;-0,00957470372252897;-0,0109164910191882;-0,0323754785374503;-0,0399643125806432;-0,0343762900590945;-0,0102026284297138;0,0112222879195068;-0,0195172867343657;-0,027608581854325;0,0211011651831559;-0,0109781949354834;0,815089338662223;0,621044775756113;0,927836484074244;1;0,0739906281454544;0,0238021514085673;0,0799183620495851;0,029797054882917;NA;NA;0,0201483097779065;-0,0358883946756121;-0,0310574266617815;-0,0367844466379362;-0,0298223310840656;-0,0464396110667451;-0,00474804641442182;0,0186111849986094;-0,0220468344725984;0,0140266687478938;-0,00604743179478994;-0,0295499784164586;-0,046711108967476;-0,0268929329566739;0,0448064639012898;0,0955893451746756;-0,095589337885133;NA;NA;NA;0,0739906281454544;0,0574184329166508;-0,00130353813844379;-0,0242169674389225;0,114268868539708;-0,056518996856589;NA;NA;NA;0,0253477653751207;NA;-0,0109781949354834;NA;-0,0451011418391261;NA;0,141704533373864;-0,0213860487634951;-0,0119953883691979;-0,0144036642554211;-0,0162897201306713;-0,0193923022103575;-0,0521582277591796;NA;-0,0433510262957292;-0,046038578598736;NA;-0,00912378221479171;-0,00686469922289153;-0,0106516856161195;NA
"main_oeuvr";0,0241242550646657;0,0443513641578561;0,220711412869142;NA;NA;0,103827754157777;0,0848819073583227;-0,0481914710276527;-0,141446867915859;-0,00574455309079966;0,00812699126268868;0,00691551915446467;0,0108538833201701;-0,0171502250248187;0,276615522382723;-0,103785699100157;0,00790174720574961;-0,065536318396277;-0,0564166436335575;-0,108103508990796;0,105796308652721;-0,0305177378178231;0,148866667533465;0,00229301330864111;0,101247267900034;0,0739906281454544;1;-0,313177547350407;0,501922130921872;0,740330013262038;NA;NA;0,091036127136247;0,090560679863393;0,0830492005485726;0,0982673927270427;0,0796380339638787;0,242068531529146;-0,0424088203852718;0,081855243072923;0,0607896475452015;0,0740474584147112;-0,0304889032017191;0,146966803664251;0,24118117346043;0,14308402337986;-0,0755415362106449;-0,115001963159706;0,115001962450728;NA;NA;NA;1;0,396864230276679;0,411198399219769;0,138589791410636;0,151441945528987;0,133537607630171;NA;NA;NA;0,0679954590590529;NA;-0,0305177378178231;NA;0,124842586501063;NA;0,076833933671083;0,233871486000139;-0,000548623019341994;-0,0400042044330406;0,0877642129904503;0,00746650800886086;0,0280011270918945;NA;-0,0550035266842428;-0,0163828566657408;NA;0,00217267468432243;-0,0326770272522093;-0,0367211272020025;NA
"main_oeu_1";-0,00321221392239413;-0,067141195977603;0,426712593882239;NA;NA;0,0247322170883414;0,0134975046627021;0,00948564504616787;0,194216248372215;0,0879474436660809;0,0746831558523282;0,0682189912124885;0,0890334700002575;-0,0243792556481952;-0,0235690645150058;0,0910106580930009;0,0748765806967581;0,0311553663087866;-0,103847605166903;0,0318705035342209;0,064308577356087;0,184208481463926;0,113897490017383;0,152033042716372;0,169701717881168;0,0238021514085673;-0,313177547350407;1;0,664212281977406;-0,543556822321053;NA;NA;0,234144351596588;0,470422135854728;0,48139903834723;0,474912768880878;0,480212336106057;0,215023359011776;0,0770732283005678;0,0437783002901328;0,309702294130173;0,0255511782601503;0,0844649931487628;0,0559396078755455;0,225112064057309;0,055905033417268;-0,00597082230048218;-0,0436655009530631;0,0436655073239975;NA;NA;NA;-0,313177547350407;0,102046579131777;0,0716913469555543;0,174397015469668;-0,0544145521182366;0,388240773837213;NA;NA;NA;0,0704378833307709;NA;0,184208481463926;NA;0,0719827717010277;NA;0,252042840120285;0,217133216925398;0,0144373788713977;0,073291023472477;0,00426908216204724;0,299211413661429;0,221464583350632;NA;0,0453711202795877;0,073710930197264;NA;0,0736114216015787;-0,0167503540991348;-0,0188233733382624;NA
"mo_tot";0,0160637508413512;-0,0262365230750272;0,562349924997912;NA;NA;0,10425143777976;0,0791066163672004;-0,0292946697024752;0,0655393465068838;0,0755743636419223;0,0744130822933868;0,0675723910083853;0,0896287552845586;-0,0357025076526818;0,196270560518132;0,00119186400858677;0,0744119406433765;-0,0232123113499657;-0,138984731453522;-0,0560674177139929;0,141844241193819;0,143741919331454;0,220908684718989;0,140265571412668;0,234247914929723;0,0799183620495851;0,501922130921872;0,664212281977406;1;0,0877124137925917;NA;NA;0,284899969573022;0,499710358505857;0,50379472655401;0,509866374050044;0,500028893690929;0,386369829453623;0,0368109530320815;0,10430175120969;0,329904393383782;0,0815559820487197;0,052925496465963;0,166629396394134;0,394859412417866;0,163541611073698;-0,0648996675498757;-0,130290180053621;0,130290185297739;NA;NA;NA;0,501922130921872;0,405324904801699;0,388962584503668;0,267917899914085;0,0696494178136944;0,458694469428856;NA;NA;NA;0,117671750930213;NA;0,143741919331454;NA;0,163825454961777;NA;0,290021476482988;0,381839100153308;0,0127166714305087;0,0352591687234921;0,0729708221955049;0,278377206997752;0,22373469504147;NA;-0,00197483858719941;0,0542349318733177;NA;0,0687501350720856;-0,040976448664855;-0,0460476827373192;NA
"part_mo_fa";0,049825474551805;0,115229041429644;-0,0619259306158102;NA;NA;0,0328575664850931;0,0259905494753299;-0,0596263935115792;-0,201080617569141;-0,0820151486687402;-0,0190697296893197;-0,0178077054125579;-0,0218427574126542;-0,00129842003271213;0,174313425176996;-0,100970858540132;-0,0193688646878519;-0,108164800486229;0,029356416681232;-0,089155183365239;0,0440418192673988;-0,0502685982002823;0,0431067811144897;-0,0426311414723603;0,0027442214178646;0,029797054882917;0,740330013262038;-0,543556822321053;0,0877124137925917;1;NA;NA;0,0626596250887208;-0,0668601292265777;-0,0596189802355264;-0,0661967328327705;-0,0549759091940852;0,0458945643161437;0,0225316620679499;0,106684761352321;-0,106247058354155;0,124833734415044;0,026789238700052;0,103064320943779;0,0407166319252937;0,0979117156485776;-0,0913276421208743;-0,115810372377887;0,115810364574073;NA;NA;NA;0,740330013262038;0,169272045141608;0,178505353252967;-0,0342006385156448;0,233507988972857;-0,143421666981379;NA;NA;NA;0,0772057892323675;NA;-0,0502685982002823;NA;-0,0417193045150415;NA;-0,0570271595429324;0,038275526799756;-0,00505655770744613;-0,0502135454737239;0,0309505278254196;-0,0382313219043431;-0,0993266251825333;NA;-0,0368685603824255;-0,0600630903459361;NA;-0,0171192895646201;-0,0402156233582566;-0,0451926978989963;NA
"rendement_";NA;NA;NA;NA;NA;NA;NA;NA;NA;NA;NA;NA;NA;NA;NA;NA;NA;NA;NA;NA;NA;NA;NA;NA;NA;NA;NA;NA;NA;NA;1;NA;NA;NA;NA;NA;NA;NA;NA;NA;NA;NA;NA;NA;NA;NA;NA;NA;NA;NA;NA;NA;NA;NA;NA;NA;NA;NA;NA;NA;NA;NA;NA;NA;NA;NA;NA;NA;NA;NA;NA;NA;NA;NA;NA;NA;NA;NA;NA;NA;NA;NA
"rendemen_1";NA;NA;NA;NA;NA;NA;NA;NA;NA;NA;NA;NA;NA;NA;NA;NA;NA;NA;NA;NA;NA;NA;NA;NA;NA;NA;NA;NA;NA;NA;NA;1;NA;NA;NA;NA;NA;NA;NA;NA;NA;NA;NA;NA;NA;NA;NA;NA;NA;NA;NA;NA;NA;NA;NA;NA;NA;NA;NA;NA;NA;NA;NA;NA;NA;NA;NA;NA;NA;NA;NA;NA;NA;NA;NA;NA;NA;NA;NA;NA;NA;NA
"mo_tot_ha";0,202910726653706;0,229248427378535;-0,183806179992349;NA;NA;-0,0329143020773634;-0,0281976422096561;0,0641940929189903;-0,071038707223258;-0,0272135117982831;-0,0209450001947855;-0,0189793603952748;-0,0253199400463401;-0,0445092848478483;-0,000500630811391511;-0,0538676167641553;-0,0212446755470495;0,0188362395252572;0,00594975093018871;-0,0436106501907603;0,00246397475479401;-0,0241252147822958;-0,0329069668421812;-0,0289444973015756;-0,0398350849475158;0,0201483097779065;0,091036127136247;0,234144351596588;0,284899969573022;0,0626596250887208;NA;NA;1;-0,109538210189758;-0,103648161604029;-0,110600809985037;-0,099486608175901;-0,109630942881812;0,371986898325141;0,364544069050156;-0,131347321559019;0,427423233727858;0,427859524582973;0,0529703230326812;-0,113645104454657;0,0513976491443926;-0,029961290557444;-0,0912550841354594;0,0912550870907901;NA;NA;NA;0,091036127136247;0,0160138893874992;0,046105649071509;0,0220380972374564;0,574069501045739;-0,210474780956521;NA;NA;NA;0,834335367967821;NA;-0,0241252147822958;NA;-0,0773517995745321;NA;-0,0697775169862286;-0,117741979308783;-0,00447250090026814;-0,0174001834612771;-0,0204288197567406;-0,0429254152301643;-0,112818072505865;NA;-0,0541155918111921;-0,0737090110844654;NA;-0,0114273915134112;-0,0114809964575803;-0,0143348666199865;NA
"quantite_n";-0,093346954032416;-0,115751562223439;0,611405469670133;NA;NA;0,0287572730250526;0,018660038707751;-0,0272750530938615;0,254391814609323;0,122336268140816;0,341652452371615;0,335034395558598;0,354652459135016;-0,0209860287700427;0,122719495179028;0,0848146256423768;0,34190295945592;-0,0190883632948634;-0,0958916357787319;-0,0372193517435378;0,0985024694671471;0,0596811858428636;0,16365679579835;0,110153764539697;0,177369040835169;-0,0358883946756121;0,090560679863393;0,470422135854728;0,499710358505857;-0,0668601292265777;NA;NA;-0,109538210189758;1;0,623571369807366;0,993814546818121;0,617019526841237;0,484993683066245;0,250695357445713;0,0171398895163921;0,429214102532509;-0,0151665082597067;0,215461335901527;0,202563918273722;0,496292568372531;0,203893062334482;0,00133522556892557;-0,137337927242146;0,137337927987339;NA;NA;NA;0,090560679863393;0,180877362642565;0,193790696145871;0,182637168402131;-0,291719835228619;0,522881196612464;NA;NA;NA;-0,114932809486964;NA;0,0596811858428636;NA;0,193453945757026;NA;0,247158471563861;0,441211822056627;-0,01406008655601;0,0700719765307363;0,0145558814594934;0,312180223777441;0,282618800365814;NA;0,0139656080220862;0,119623423730411;NA;-0,0270295954088522;-0,023596075252735;0,00503219749366739;NA
"quantite_u";-0,0430611644214142;-0,0599360438224501;0,599211528892359;NA;NA;0,0519027120624714;0,0414825360298104;-0,0349280552970823;0,133758011327;0,0838363290018825;0,296229578942757;0,288796190389565;0,311389508489597;0,000134267936345939;0,0624681967312231;0,0459511606806683;0,296438114104655;-0,0236550874323816;-0,0971929061140788;-0,039263520174926;0,101905175089891;0,0898485896572302;0,143211771357833;0,0905269368249014;0,151610739999857;-0,0310574266617815;0,0830492005485726;0,48139903834723;0,50379472655401;-0,0596189802355264;NA;NA;-0,103648161604029;0,623571369807366;1;0,633660779116383;0,996623502161684;0,365080880731211;0,00384416989085476;0,271145862646893;0,42162269047579;0,206176512141334;-0,00769555274615546;0,1307742523557;0,377777346971996;0,13062712685089;-0,0150050219502574;-0,11265460572883;0,112654599883635;NA;NA;NA;0,0830492005485726;0,229544938572965;0,265242418980608;0,262580675742449;-0,269781980979036;0,494588644817207;NA;NA;NA;-0,108827336434608;NA;0,0898485896572302;NA;0,208056845716708;NA;0,348653177139824;0,367002135924952;-0,0229577531018384;-0,00754315006859563;0,00126998938238486;0,425297185791926;0,22358635323564;NA;0,00649258703683261;-0,0212075942483069;NA;-0,0257541295647864;-0,0200273717596452;-0,000549542830198693;NA
"cout_npk_t";-0,101731167742877;-0,12620025875467;0,608612558771368;NA;NA;0,0390076523038921;0,0296889104084592;-0,0280179844070685;0,257819515047389;0,133025005944628;0,354662737512445;0,347728991913616;0,368303829936561;-0,0130810624800545;0,133968482478404;0,0884516430008593;0,354968486789418;-0,0131886429322604;-0,0927062148135038;-0,0354317705482575;0,0931389097393683;0,0637086619101335;0,164487740050251;0,110993880454119;0,17844197167121;-0,0367844466379362;0,0982673927270427;0,474912768880878;0,509866374050044;-0,0661967328327705;NA;NA;-0,110600809985037;0,993814546818121;0,633660779116383;1;0,628035601480939;0,500951389434936;0,251604445256427;0,0203224788239056;0,403956006255647;-0,0106494258235883;0,226252598818427;0,215121326192778;0,510946909017706;0,215618809304263;-0,0130101290173066;-0,163890131381239;0,163890132041957;NA;NA;NA;0,0982673927270427;0,186355324240882;0,203580140724735;0,190898041433749;-0,290844043971001;0,530495814498005;NA;NA;NA;-0,11968416461634;NA;0,0637086619101335;NA;0,205792354974856;NA;0,25022602353404;0,44378072410353;-0,0127218949261619;0,0736478599631051;0,0454959049309687;0,318445052977976;0,272672138305434;NA;0,0199065384353821;0,0968051046347442;NA;-0,0276740664330554;-0,024102097913764;0,00590567309585529;NA
"cout_uree_";-0,0365336768470315;-0,0561141060857548;0,585678769622816;NA;NA;0,0518016564718812;0,0416109317850442;-0,0341607848387247;0,127753641311632;0,0810145947444256;0,281771846682288;0,274242601675736;0,297243883031732;0,00660120252106768;0,0616316737908155;0,045101506184936;0,281999803597261;-0,023100922869378;-0,0916945283676287;-0,0365579833334647;0,0962668065775183;0,0864436057715725;0,144437783380032;0,0912478155226233;0,152875444349793;-0,0298223310840656;0,0796380339638787;0,480212336106057;0,500028893690929;-0,0549759091940852;NA;NA;-0,099486608175901;0,617019526841237;0,996623502161684;0,628035601480939;1;0,350321252737993;0,00819040495884314;0,268196805289085;0,407737149422364;0,212585011608113;-0,00120758674841982;0,124943840473695;0,362638837971073;0,12439514404793;-0,0207782574820195;-0,117779004041251;0,117778996702639;NA;NA;NA;0,0796380339638787;0,217733261050734;0,258711885762337;0,256536746960095;-0,257800952024311;0,477659047096387;NA;NA;NA;-0,104932679144349;NA;0,0864436057715725;NA;0,199371817383331;NA;0,342934373600397;0,343311600233575;-0,0225484056840241;-0,0078067033746821;0,0167213975100312;0,440307685491017;0,21010328237182;NA;-0,00170448757394591;-0,0192729013240852;NA;-0,0252137256256837;-0,0196925634547326;0,00232316077154758;NA
"cout_engra";-0,154784729708673;-0,207671873051523;0,560890481969955;NA;NA;0,0939608317161702;0,0372856235851896;-0,0221148108711175;0,0935744556959962;0,0663469470913575;0,0364034102356158;0,0324946744935164;0,0451365873719317;-0,00521697299754994;0,352974857016682;0,105858659228492;0,0366543942310876;-0,0284646354724894;-0,10715724214302;-0,0278489619123218;0,108180144209432;0,0161128649187547;0,0992161482220819;0,0588908484280146;0,102686827425106;-0,0464396110667451;0,242068531529146;0,215023359011776;0,386369829453623;0,0458945643161437;NA;NA;-0,109630942881812;0,484993683066245;0,365080880731211;0,500951389434936;0,350321252737993;1;-0,0206641632016711;-0,0700706026701397;0,318179890909398;-0,0954301199413883;-0,0263968547552116;0,675080730727281;0,999186557221425;0,674748115816846;-0,0707205595689861;-0,325696596102437;0,325696593111649;NA;NA;NA;0,242068531529146;0,272183165732172;0,44880210554543;0,413006334918591;-0,316731152427488;0,577192543166009;NA;NA;NA;-0,104869927530587;NA;0,0161128649187547;NA;0,376232327912391;NA;0,0946720564801308;0,487036343715715;-0,0241517143723266;-0,0248484540743398;-0,0351006216831091;0,241060307620083;0,141301112691459;NA;0,0430164153662505;-0,0127842123290162;NA;-0,017703864346228;-0,0225833927156746;0,00252192083210939;NA
"quantite_1";0,316712902476401;0,344323932390192;-0,193508227601726;NA;NA;-0,0499998747394925;-0,0342726710333953;-0,0538217150408932;-0,0518160159597736;-0,0608373615523441;0,124930103836545;0,12583523828997;0,122056939081158;-0,0359328385277467;-0,0199046855837698;-0,0803356759371418;0,124558275753286;-0,0932309797372083;0,049202201599646;-0,116602376853006;0,031138056819001;0,0191180131216309;-0,0460820286407698;-0,0371388885254895;-0,0537006909677208;-0,00474804641442182;-0,0424088203852718;0,0770732283005678;0,0368109530320815;0,0225316620679499;NA;NA;0,371986898325141;0,250695357445713;0,00384416989085476;0,251604445256427;0,00819040495884314;-0,0206641632016711;1;0,512499601537505;-0,100756710683628;0,559733186386079;0,978976320731491;0,0884307464897269;-0,0246535748904488;0,0945025411692717;0,0872653192096544;-0,167637815687757;0,167637817044519;NA;NA;NA;-0,0424088203852718;-0,0435672002958771;0,0166776014040353;0,0311879747692793;0,520118173674665;-0,226836772338998;NA;NA;NA;0,481373786228111;NA;0,0191180131216309;NA;-0,0249974211753261;NA;-0,0346879667374976;-0,0974947046697478;0,0122700564715791;-0,0295137867307362;-0,0481416016832296;-0,0171420259816329;-0,149341792750033;NA;-0,0959293372747758;-0,0848232266571309;NA;-0,0533738765898223;-0,0425366915615926;-0,0133330990726287;NA
"quantite_2";0,203879551232385;0,236918308060406;-0,191917616771597;NA;NA;0,00414641356391078;0,0298541327193026;-0,0723185768927011;-0,0612393429194888;-0,0291834216552975;0,117204566137399;0,121130552265307;0,107451791885389;-0,0132835240690361;-0,10311178742341;-0,0623749978243442;0,117005458521641;-0,0684436732872801;0,0156868432950522;-0,0860997244718869;0,0399477171606074;-0,0353468030982718;-0,0470833801718557;-0,0225106738721723;-0,0453937907989743;0,0186111849986094;0,081855243072923;0,0437783002901328;0,10430175120969;0,106684761352321;NA;NA;0,364544069050156;0,0171398895163921;0,271145862646893;0,0203224788239056;0,268196805289085;-0,0700706026701397;0,512499601537505;1;-0,118618300444422;0,969829745037159;0,520540646114248;0,0634451132458252;-0,0741109158207768;0,0636986207149049;-0,00215146298350055;-0,221609190030673;0,221609187456707;NA;NA;NA;0,081855243072923;0,098191030642848;0,0826315348978996;0,0645508349342099;0,536262474183769;-0,197762796764649;NA;NA;NA;0,45687473850143;NA;-0,0353468030982718;NA;2,74675630552862e-05;NA;0,00136778620846907;-0,11658480240505;-0,0360229882022275;-0,0672853514497664;-0,0603746487714162;-0,0204814960885224;-0,107915640599678;NA;-0,156471666342429;-0,150001456441716;NA;-0,0571930946660399;-0,0364467549380209;-0,0221495405388575;NA
"cout_semen";-0,128638864628224;-0,14657897420727;0,577447379759015;NA;NA;0,0489258280994435;0,0289323880461907;0,000981153517874895;0,0792944861059126;0,0609371769917733;0,115545576072587;0,108602384064722;0,130733923761449;-0,0324859094847786;0,0914496365133218;0,122520723855395;0,115700518505796;-0,0238559850005563;-0,111969825097827;0,024819029223707;0,0933077175432341;0,133014167493595;0,131285404718942;0,0533131808856972;0,12077115087652;-0,0220468344725984;0,0607896475452015;0,309702294130173;0,329904393383782;-0,106247058354155;NA;NA;-0,131347321559019;0,429214102532509;0,42162269047579;0,403956006255647;0,407737149422364;0,318179890909398;-0,100756710683628;-0,118618300444422;1;-0,149551918576016;-0,125692077805726;0,0363124676466018;0,356151783810368;0,0700093407069135;0,528373363460919;0,338590806028988;-0,338590809965725;NA;NA;NA;0,0607896475452015;0,130922213408815;0,17366050309001;0,169940856070309;-0,382070158346929;0,511900393847454;NA;NA;NA;-0,0896033899665894;NA;0,133014167493595;NA;0,0995252867994591;NA;0,214170069782022;0,248743650561174;-0,0265879904830033;-0,0361820711126196;-0,0148363620826643;0,161827648487395;0,459540348963845;NA;0,0562343605235606;0,0509132960128174;NA;-0,0299841893124403;-0,0257905791723313;-0,0309753653294431;NA
"cout_ure_1";0,249428444739961;0,281034645094853;-0,221248663667663;NA;NA;0,00458324302641243;0,0289940501828453;-0,0621836285363871;-0,0797499862630548;-0,0356413641387915;0,0919117884500546;0,0956674243368825;0,0827111150270201;-0,0123077824200722;-0,102786524624728;-0,0581094594448118;0,0917116489282745;-0,0634395727686921;0,0354950795402729;-0,078879574142568;0,0193677597295669;-0,0399014557947079;-0,0532563275465728;-0,0278263732874173;-0,0527964371288849;0,0140266687478938;0,0740474584147112;0,0255511782601503;0,0815559820487197;0,124833734415044;NA;NA;0,427423233727858;-0,0151665082597067;0,206176512141334;-0,0106494258235883;0,212585011608113;-0,0954301199413883;0,559733186386079;0,969829745037159;-0,149551918576016;1;0,588182593243947;0,0486671217732381;-0,100422403984154;0,0479777860296095;-0,0156007742476023;-0,232145658305593;0,232145653640804;NA;NA;NA;0,0740474584147112;0,0731462532827521;0,0710639158865077;0,0543892086037594;0,600869605960629;-0,232662579475487;NA;NA;NA;0,539602889669864;NA;-0,0399014557947079;NA;-0,0237414130683568;NA;-0,0234845789719308;-0,139955305547495;-0,0352593125883345;-0,0635853946310163;-0,0470261551980824;-0,0273129591985672;-0,134981763410542;NA;-0,156804908078941;-0,150796087305689;NA;-0,0531464812400507;-0,0353070651964986;-0,0191577416964102;NA
"cout_npk_1";0,310588021117466;0,333033496841769;-0,202737912621105;NA;NA;-0,0360973405966979;-0,0185081834039804;-0,0404916170048331;-0,0545489521065339;-0,0452962195336751;0,117340028894235;0,117970982018968;0,115144176653279;-0,031845507292255;-0,012710408563033;-0,0762881906801462;0,117018923951341;-0,0728578017716979;0,0520749006038187;-0,107333588585667;0,0183381641425913;0,0225070156709587;-0,0487882653588658;-0,0382186688419047;-0,0561784180740618;-0,00604743179478994;-0,0304889032017191;0,0844649931487628;0,052925496465963;0,026789238700052;NA;NA;0,427859524582973;0,215461335901527;-0,00769555274615546;0,226252598818427;-0,00120758674841982;-0,0263968547552116;0,978976320731491;0,520540646114248;-0,125692077805726;0,588182593243947;1;0,100647689089625;-0,0313646926888235;0,104455121879632;0,050338228571632;-0,203713959535189;0,203713959663659;NA;NA;NA;-0,0304889032017191;-0,03828796212366;0,0150633984874754;0,0257610154081558;0,553005823892983;-0,230172535511419;NA;NA;NA;0,528446882498575;NA;0,0225070156709587;NA;-0,0251406963962969;NA;-0,0421414911379881;-0,102553678687398;0,0171083100512088;-0,0285288787286673;-0,0285089665580235;-0,0209255982088015;-0,158750456732889;NA;-0,0932743659580472;-0,0850266166068344;NA;-0,0511820343784141;-0,0408928458046862;-0,012927907887715;NA
"cout_eng_1";-0,0138418614600627;-0,0661782542972244;0,138830123157113;NA;NA;0,0209138662601033;-0,00827285329187416;0,148550619308714;-0,0271568162212739;0,0436914995937094;-0,00741643446975348;-0,00818109456958913;-0,00561522230743323;-0,037750543366175;0,236827735453743;-0,0129670627367832;-0,00750122934843288;0,099290339162791;-0,0867452249063831;-0,0635295739283336;0,0565370309010529;-0,0210877905826206;0,00177854206745303;-0,0035202399292937;-0,00096783666278408;-0,0295499784164586;0,146966803664251;0,0559396078755455;0,166629396394134;0,103064320943779;NA;NA;0,0529703230326812;0,202563918273722;0,1307742523557;0,215121326192778;0,124943840473695;0,675080730727281;0,0884307464897269;0,0634451132458252;0,0363124676466018;0,0486671217732381;0,100647689089625;1;0,666939371544999;0,998024244491725;-0,128168123542697;-0,471817074784236;0,471817077110509;NA;NA;NA;0,146966803664251;0,118241046710825;0,284236694317208;0,263520361055979;-0,0206241453874779;0,185638467816335;NA;NA;NA;0,0432517564170506;NA;-0,0210877905826206;NA;0,180394734933601;NA;-0,00107763656064892;0,219926962456647;-0,0272437185053015;-0,0453430850510223;-0,0593317151510944;0,0857427107269399;-0,0564295427345033;NA;-0,060002017813122;-0,0425915394492426;NA;-0,0323924592796284;-0,0298895717829844;0,00609198381102602;NA
"cout_intra";-0,158035819885324;-0,210927264578307;0,577405823107272;NA;NA;0,0946938545712697;0,0379813534003103;-0,0217557746560241;0,0956048158366311;0,0679870988043166;0,0407960725415074;0,0366480756295599;0,0500500153360896;-0,00652397705391753;0,351800414230739;0,109551486572983;0,0410500462455982;-0,0290709920452286;-0,11038263351432;-0,026393658292589;0,110597026928689;0,0215397163676823;0,103377106136348;0,0603136768832636;0,106350742434797;-0,046711108967476;0,24118117346043;0,225112064057309;0,394859412417866;0,0407166319252937;NA;NA;-0,113645104454657;0,496292568372531;0,377777346971996;0,510946909017706;0,362638837971073;0,999186557221425;-0,0246535748904488;-0,0741109158207768;0,356151783810368;-0,100422403984154;-0,0313646926888235;0,666939371544999;1;0,668044896369679;-0,0472303955193735;-0,306620862962924;0,306620859847589;NA;NA;NA;0,24118117346043;0,273846961780799;0,449749755707939;0,414309356018364;-0,32843888560489;0,590685805472107;NA;NA;NA;-0,107176733601132;NA;0,0215397163676823;NA;0,375067704088175;NA;0,102423884195569;0,490629229119479;-0,0249361642562989;-0,0260310116133154;-0,0352280975355244;0,244485280312861;0,158821255132521;NA;0,0447912677706972;-0,0104350814750115;NA;-0,0187252917637144;-0,0233564252243042;0,00116813422769658;NA
"cout_int_1";-0,0121855320897117;-0,0620674492896681;0,136734595626471;NA;NA;0,0199731506797686;-0,00862696682130032;0,148500336742324;-0,030827775738669;0,0417314910980585;-0,00686691064772867;-0,00750375358798861;-0,00536237756215702;-0,0399994682845677;0,234667679213077;-0,010174639897764;-0,00696016537041742;0,0966508190782831;-0,0890106909400402;-0,0625197267975637;0,0590422396314553;-0,0201394108179178;0,00522795628691347;-0,00535347256866415;0,000220372004621842;-0,0268929329566739;0,14308402337986;0,055905033417268;0,163541611073698;0,0979117156485776;NA;NA;0,0513976491443926;0,203893062334482;0,13062712685089;0,215618809304263;0,12439514404793;0,674748115816846;0,0945025411692717;0,0636986207149049;0,0700093407069135;0,0479777860296095;0,104455121879632;0,998024244491725;0,668044896369679;1;-0,065603099701011;-0,433981418190064;0,43398142054324;NA;NA;NA;0,14308402337986;0,114526726407326;0,282827866472422;0,263186245016985;-0,02050176809886;0,183685205959562;NA;NA;NA;0,042368895869586;NA;-0,0201394108179178;NA;0,175041186349635;NA;0,000831043688425465;0,212988785552713;-0,028832659193191;-0,0491402009932519;-0,0627041804725459;0,0849908382331047;-0,0495032056929346;NA;-0,0599624950192284;-0,0501132252008339;NA;-0,0352023670490447;-0,0319893214473904;0,00346789127358458;NA
"cout_sem_1";0,0274870767857887;0,0713058881316927;-0,0465412208746092;NA;NA;-0,0168771736438459;-0,00478725122402566;-0,0152003717533513;-0,0553112922314669;-0,0351754209485844;0,00939333597573766;0,0114850514727855;0,00453565662467792;-0,0318375128647265;-0,0570636891340058;0,0453350376268716;0,00926802322920922;-0,0512933832420303;-0,0273470115829709;0,0221012826839723;0,034060938975527;0,0170149997115825;0,0542754849052168;-0,0285956208473956;0,0188493859749637;0,0448064639012898;-0,0755415362106449;-0,00597082230048218;-0,0648996675498757;-0,0913276421208743;NA;NA;-0,029961290557444;0,00133522556892557;-0,0150050219502574;-0,0130101290173066;-0,0207782574820195;-0,0707205595689861;0,0872653192096544;-0,00215146298350055;0,528373363460919;-0,0156007742476023;0,050338228571632;-0,128168123542697;-0,0472303955193735;-0,065603099701011;1;0,642981933684493;-0,642981933485393;NA;NA;NA;-0,0755415362106449;-0,0700965745968348;-0,04980359813294;-0,0308305056476258;0,00393186111086795;-0,0488351337437633;NA;NA;NA;-0,0181303136256375;NA;0,0170149997115825;NA;-0,101999166044875;NA;0,0302325337302435;-0,13084584533718;-0,0224388093988795;-0,0555388981008611;-0,047479278785709;-0,0201835604810064;0,114802746909649;NA;0,00644293220098969;-0,114596938437712;NA;-0,0412120826594942;-0,0302451842427828;-0,0420113197707733;NA
"part_cout_";-0,0416793449210594;0,0176580521757383;-0,0878855355513123;NA;NA;-0,0481315632594952;-0,0290480146763856;0,0893040343845206;-0,0671686686130989;-0,0140316580333028;-0,0181757322636288;-0,0159691629784338;-0,0231209579462953;0,0112254601701631;-0,114062047293559;0,0143426746115779;-0,0181367190407022;-0,0463529997309126;0,0450030818585513;0,029557830447815;-0,030094058969549;0,0219304785767893;0,105183297460412;-0,0176500519877631;0,0597096905918326;0,0955893451746756;-0,115001963159706;-0,0436655009530631;-0,130290180053621;-0,115810372377887;NA;NA;-0,0912550841354594;-0,137337927242146;-0,11265460572883;-0,163890131381239;-0,117779004041251;-0,325696596102437;-0,167637815687757;-0,221609190030673;0,338590806028988;-0,232145658305593;-0,203713959535189;-0,471817074784236;-0,306620862962924;-0,433981418190064;0,642981933684493;1;-0,999999999999987;NA;NA;NA;-0,115001963159706;-0,113604124137854;-0,120668749249161;-0,0956620053008179;-0,0928940044037811;-0,100168163657141;NA;NA;NA;-0,112805026035825;NA;0,0219304785767893;NA;-0,108758087578105;NA;0,00838326091306501;-0,21247693308318;-0,0196528696035368;-0,0507278043005844;-0,0064992536238096;-0,0629917600394203;0,186136614989859;NA;0,149884609465959;-0,02518849489441;NA;-0,0413783418681685;-0,0230528738337526;-0,0446196177392328;NA
"part_cou_1";0,0416793418331514;-0,0176580534375315;0,0878855343739401;NA;NA;0,0481315613102023;0,029048014765297;-0,0893040485614462;0,0671686638614126;0,0140316476403652;0,0181757329609945;0,0159691640926222;0,0231209576831495;-0,0112254498047606;0,114062066016835;-0,0143426907561415;0,0181367197363939;0,0463529868912151;-0,0450030637831762;-0,0295578422329304;0,0300940525041492;-0,0219304786599579;-0,10518329487941;0,0176500661460522;-0,0597096801707987;-0,095589337885133;0,115001962450728;0,0436655073239975;0,130290185297739;0,115810364574073;NA;NA;0,0912550870907901;0,137337927987339;0,112654599883635;0,163890132041957;0,117778996702639;0,325696593111649;0,167637817044519;0,221609187456707;-0,338590809965725;0,232145653640804;0,203713959663659;0,471817077110509;0,306620859847589;0,43398142054324;-0,642981933485393;-0,999999999999987;1;NA;NA;NA;0,115001962450728;0,113604131664944;0,120668743628578;0,0956619994128068;0,0928940075125783;0,100168163150104;NA;NA;NA;0,112805020622212;NA;-0,0219304786599579;NA;0,108758081915423;NA;-0,00838324461038229;0,212476944153028;0,0196528744353445;0,0507278023049785;0,0064992498188213;0,0629917512218608;-0,186136617801722;NA;-0,149884612577107;0,0251884995796925;NA;0,0413783419474019;0,0230528722460792;0,0446196136273631;NA
"dist_dakar";NA;NA;NA;NA;NA;NA;NA;NA;NA;NA;NA;NA;NA;NA;NA;NA;NA;NA;NA;NA;NA;NA;NA;NA;NA;NA;NA;NA;NA;NA;NA;NA;NA;NA;NA;NA;NA;NA;NA;NA;NA;NA;NA;NA;NA;NA;NA;NA;NA;1;NA;NA;NA;NA;NA;NA;NA;NA;NA;NA;NA;NA;NA;NA;NA;NA;NA;NA;NA;NA;NA;NA;NA;NA;NA;NA;NA;NA;NA;NA;NA;NA
"dist_route";NA;NA;NA;NA;NA;NA;NA;NA;NA;NA;NA;NA;NA;NA;NA;NA;NA;NA;NA;NA;NA;NA;NA;NA;NA;NA;NA;NA;NA;NA;NA;NA;NA;NA;NA;NA;NA;NA;NA;NA;NA;NA;NA;NA;NA;NA;NA;NA;NA;NA;1;NA;NA;NA;NA;NA;NA;NA;NA;NA;NA;NA;NA;NA;NA;NA;NA;NA;NA;NA;NA;NA;NA;NA;NA;NA;NA;NA;NA;NA;NA;NA
"pourc_urba";NA;NA;NA;NA;NA;NA;NA;NA;NA;NA;NA;NA;NA;NA;NA;NA;NA;NA;NA;NA;NA;NA;NA;NA;NA;NA;NA;NA;NA;NA;NA;NA;NA;NA;NA;NA;NA;NA;NA;NA;NA;NA;NA;NA;NA;NA;NA;NA;NA;NA;NA;1;NA;NA;NA;NA;NA;NA;NA;NA;NA;NA;NA;NA;NA;NA;NA;NA;NA;NA;NA;NA;NA;NA;NA;NA;NA;NA;NA;NA;NA;NA
"travailleu";0,0241242550646657;0,0443513641578561;0,220711412869142;NA;NA;0,103827754157777;0,0848819073583227;-0,0481914710276527;-0,141446867915859;-0,00574455309079966;0,00812699126268868;0,00691551915446467;0,0108538833201701;-0,0171502250248187;0,276615522382723;-0,103785699100157;0,00790174720574961;-0,065536318396277;-0,0564166436335575;-0,108103508990796;0,105796308652721;-0,0305177378178231;0,148866667533465;0,00229301330864111;0,101247267900034;0,0739906281454544;1;-0,313177547350407;0,501922130921872;0,740330013262038;NA;NA;0,091036127136247;0,090560679863393;0,0830492005485726;0,0982673927270427;0,0796380339638787;0,242068531529146;-0,0424088203852718;0,081855243072923;0,0607896475452015;0,0740474584147112;-0,0304889032017191;0,146966803664251;0,24118117346043;0,14308402337986;-0,0755415362106449;-0,115001963159706;0,115001962450728;NA;NA;NA;1;0,396864230276679;0,411198399219769;0,138589791410636;0,151441945528987;0,133537607630171;NA;NA;NA;0,0679954590590529;NA;-0,0305177378178231;NA;0,124842586501063;NA;0,076833933671083;0,233871486000139;-0,000548623019341994;-0,0400042044330406;0,0877642129904503;0,00746650800886086;0,0280011270918945;NA;-0,0550035266842428;-0,0163828566657408;NA;0,00217267468432243;-0,0326770272522093;-0,0367211272020025;NA
"membre_act";-0,0476444793124192;-0,0402187264499428;0,308017245604867;NA;NA;0,0348808351851292;0,0357294069177368;-0,0629332209453668;-0,0182514797875196;-0,00370454473474394;0,0201635960944674;0,0200445050834054;0,020308110374012;-0,000814297550796314;0,218642087409174;-0,0621888715439911;0,0200644655382177;-0,0785380034035887;-0,0726840732882893;-0,11212837675906;0,125304072459474;0,0290521636189532;0,118896639260108;0,0668622680753155;0,120778551051887;0,0574184329166508;0,396864230276679;0,102046579131777;0,405324904801699;0,169272045141608;NA;NA;0,0160138893874992;0,180877362642565;0,229544938572965;0,186355324240882;0,217733261050734;0,272183165732172;-0,0435672002958771;0,098191030642848;0,130922213408815;0,0731462532827521;-0,03828796212366;0,118241046710825;0,273846961780799;0,114526726407326;-0,0700965745968348;-0,113604124137854;0,113604131664944;NA;NA;NA;0,396864230276679;1;0,755444686117305;0,698457062648481;-0,0135726904182977;0,305531030337348;NA;NA;NA;0,0165402994051798;NA;0,0290521636189532;NA;0,170524596527384;NA;0,137241647110332;0,324298244572536;-0,0505179810243446;-0,0407983784660679;-0,0180104611247608;0,0462885822170976;0,00876979885128253;NA;-0,035043252944426;0,0324085447639594;NA;0,00112606423861643;-0,0144446860953555;0,00847039461926001;NA
"taille_men";-0,00168816790404716;0,0239657529852659;0,323684818838851;NA;NA;0,0689889595074461;0,0546140171086734;-0,0418405990359247;-0,0142718420066807;0,0237957278790485;-0,0157471290550292;-0,0181582926660764;-0,0101161952588805;0,0972915787192982;0,352488119422212;0,0056725209396861;-0,0153145986912808;-0,0519920974387154;0,00870340084922135;-0,065801889012513;0,0331366101944789;0,00424212888892271;0,0632657584583882;0,0415418393213458;0,0679276739611326;-0,00130353813844379;0,411198399219769;0,0716913469555543;0,388962584503668;0,178505353252967;NA;NA;0,046105649071509;0,193790696145871;0,265242418980608;0,203580140724735;0,258711885762337;0,44880210554543;0,0166776014040353;0,0826315348978996;0,17366050309001;0,0710639158865077;0,0150633984874754;0,284236694317208;0,449749755707939;0,282827866472422;-0,04980359813294;-0,120668749249161;0,120668743628578;NA;NA;NA;0,411198399219769;0,755444686117305;1;0,959737238224337;0,00181306499759478;0,310826888274734;NA;NA;NA;0,0737157804787526;NA;0,00424212888892271;NA;0,275624180733552;NA;0,0119850706584351;0,345976187412998;-0,0533269789794492;-0,0586391250748096;0,0261912142619104;0,136338150008277;0,0286475990793699;NA;-0,053859734252181;-0,0311277067973658;NA;-0,0121277951149251;-0,0121277951149251;-0,0188560064254004;NA
"membre_hor";-0,00926817202779737;0,0123704272976353;0,283653888439941;NA;NA;0,0429578607945844;0,0331784882209103;-0,0306072144652489;0,0280822000314131;0,0276231158078767;-0,0196128732544581;-0,0218591605058967;-0,0143354510608293;0,110987491042084;0,297720013414065;0,0381452155048838;-0,019073539677958;-0,0362913816627149;0,0268410072060751;-0,0381776608506051;0,00339941802298157;0,0140131224361273;0,0228608228032149;0,0444265621939905;0,0426000212665034;-0,0242169674389225;0,138589791410636;0,174397015469668;0,267917899914085;-0,0342006385156448;NA;NA;0,0220380972374564;0,182637168402131;0,262580675742449;0,190898041433749;0,256536746960095;0,413006334918591;0,0311879747692793;0,0645508349342099;0,169940856070309;0,0543892086037594;0,0257610154081558;0,263520361055979;0,414309356018364;0,263186245016985;-0,0308305056476258;-0,0956620053008179;0,0956619994128068;NA;NA;NA;0,138589791410636;0,698457062648481;0,959737238224337;1;-0,0446981041707856;0,296547604434384;NA;NA;NA;0,0591352959461147;NA;0,0140131224361273;NA;0,260981022090014;NA;-0,0106557306532902;0,303816996919302;-0,0577680845412453;-0,051380953235982;0,00141030431808937;0,145823854256377;0,0224954649980672;NA;-0,0415662319612778;-0,0287702328583871;NA;-0,0138457795675647;-0,00310659657608802;-0,00917024999960633;NA
"log_trav_h";0,37910220855705;0,456252845817231;-0,545411877175668;NA;NA;-0,0649551013409727;-0,0389052487853201;0,0528200658643129;-0,204720978944409;-0,09801916862198;-0,0664726619100836;-0,060915927303128;-0,078793993880514;-0,0180111787588349;-0,0745104882191902;-0,116516236448757;-0,0668867500382679;-0,0120321647415366;0,113684951295332;-0,0641216917343146;-0,0688755313245708;-0,0488610267648976;-0,0381657585243024;-0,0403127846799367;-0,0503395817393646;0,114268868539708;0,151441945528987;-0,0544145521182366;0,0696494178136944;0,233507988972857;NA;NA;0,574069501045739;-0,291719835228619;-0,269781980979036;-0,290844043971001;-0,257800952024311;-0,316731152427488;0,520118173674665;0,536262474183769;-0,382070158346929;0,600869605960629;0,553005823892983;-0,0206241453874779;-0,32843888560489;-0,02050176809886;0,00393186111086795;-0,0928940044037811;0,0928940075125783;NA;NA;NA;0,151441945528987;-0,0135726904182977;0,00181306499759478;-0,0446981041707856;1;-0,615958724281491;NA;NA;NA;0,637775162230404;NA;-0,0488610267648976;NA;-0,221739601458537;NA;-0,156515006745415;-0,365933426513489;0,0339489353352897;-0,0736909470563543;-0,0528691089004098;-0,0990500415001566;-0,3038642670431;NA;-0,136459617248396;-0,166430798695944;NA;-0,0260497729409581;-0,0270037530382952;-0,068846510166389;NA
"surf_score";-0,220640430990473;-0,29654362214232;0,80925778780371;NA;NA;0,113410206499217;0,083252171815368;-0,00372826637387769;0,206669566381202;0,157398119371162;0,147270593840127;0,137864493068485;0,16790568506066;-0,0382345588953289;0,214462049878722;0,110353260534342;0,147562709808069;0,0427425055086066;-0,167531142185574;0,00446487361867627;0,121794481090763;0,0947527756737636;0,0987659986019593;0,123564708590791;0,142080304858663;-0,056518996856589;0,133537607630171;0,388240773837213;0,458694469428856;-0,143421666981379;NA;NA;-0,210474780956521;0,522881196612464;0,494588644817207;0,530495814498005;0,477659047096387;0,577192543166009;-0,226836772338998;-0,197762796764649;0,511900393847454;-0,232662579475487;-0,230172535511419;0,185638467816335;0,590685805472107;0,183685205959562;-0,0488351337437633;-0,100168163657141;0,100168163150104;NA;NA;NA;0,133537607630171;0,305531030337348;0,310826888274734;0,296547604434384;-0,615958724281491;1;NA;NA;NA;-0,178380252921459;NA;0,0947527756737636;NA;0,340497391933258;NA;0,286824416093059;0,557979505585701;-0,0493981780440744;0,105020981438241;0,117206537005178;0,197116474425225;0,386346288777941;NA;0,0822923324159233;0,164778825153633;NA;0,0313308629254748;-0,0457469041488528;0,0352083619466051;NA
"y_hat";NA;NA;NA;NA;NA;NA;NA;NA;NA;NA;NA;NA;NA;NA;NA;NA;NA;NA;NA;NA;NA;NA;NA;NA;NA;NA;NA;NA;NA;NA;NA;NA;NA;NA;NA;NA;NA;NA;NA;NA;NA;NA;NA;NA;NA;NA;NA;NA;NA;NA;NA;NA;NA;NA;NA;NA;NA;NA;1;NA;NA;NA;NA;NA;NA;NA;NA;NA;NA;NA;NA;NA;NA;NA;NA;NA;NA;NA;NA;NA;NA;NA
"y_mean";NA;NA;NA;NA;NA;NA;NA;NA;NA;NA;NA;NA;NA;NA;NA;NA;NA;NA;NA;NA;NA;NA;NA;NA;NA;NA;NA;NA;NA;NA;NA;NA;NA;NA;NA;NA;NA;NA;NA;NA;NA;NA;NA;NA;NA;NA;NA;NA;NA;NA;NA;NA;NA;NA;NA;NA;NA;NA;NA;1;NA;NA;NA;NA;NA;NA;NA;NA;NA;NA;NA;NA;NA;NA;NA;NA;NA;NA;NA;NA;NA;NA
"sse_i";NA;NA;NA;NA;NA;NA;NA;NA;NA;NA;NA;NA;NA;NA;NA;NA;NA;NA;NA;NA;NA;NA;NA;NA;NA;NA;NA;NA;NA;NA;NA;NA;NA;NA;NA;NA;NA;NA;NA;NA;NA;NA;NA;NA;NA;NA;NA;NA;NA;NA;NA;NA;NA;NA;NA;NA;NA;NA;NA;NA;1;NA;NA;NA;NA;NA;NA;NA;NA;NA;NA;NA;NA;NA;NA;NA;NA;NA;NA;NA;NA;NA
"sst_i";0,281042648851354;0,325836163960245;-0,122753208750575;NA;NA;-0,0409881434191175;-0,0487531718487713;0,13459128948912;-0,0727275115116481;-0,0186040958697101;-0,0150642302466834;-0,0148216761484192;-0,0155244640003539;-0,0997135583318844;-0,0542234562710536;-0,0690206752073527;-0,0155853004435069;0,0434736676319126;-0,0106058040607182;-0,0728650009103472;0,0167788844280768;-0,0301730945193182;-0,0518208832551063;-0,0504459035204169;-0,0657170977354021;0,0253477653751207;0,0679954590590529;0,0704378833307709;0,117671750930213;0,0772057892323675;NA;NA;0,834335367967821;-0,114932809486964;-0,108827336434608;-0,11968416461634;-0,104932679144349;-0,104869927530587;0,481373786228111;0,45687473850143;-0,0896033899665894;0,539602889669864;0,528446882498575;0,0432517564170506;-0,107176733601132;0,042368895869586;-0,0181303136256375;-0,112805026035825;0,112805020622212;NA;NA;NA;0,0679954590590529;0,0165402994051798;0,0737157804787526;0,0591352959461147;0,637775162230404;-0,178380252921459;NA;NA;NA;1;NA;-0,0301730945193182;NA;-0,0649172746315713;NA;-0,0947062205452007;-0,0599023470917263;-0,0180826331301692;0,0119123465122139;-0,02966089482653;-0,0607257735586855;-0,0950744823930025;NA;-0,0743207286817338;-0,0888222945802908;NA;-0,0205732480413651;-0,0200015735505527;0,0162647541295583;NA
"ss_bis";NA;NA;NA;NA;NA;NA;NA;NA;NA;NA;NA;NA;NA;NA;NA;NA;NA;NA;NA;NA;NA;NA;NA;NA;NA;NA;NA;NA;NA;NA;NA;NA;NA;NA;NA;NA;NA;NA;NA;NA;NA;NA;NA;NA;NA;NA;NA;NA;NA;NA;NA;NA;NA;NA;NA;NA;NA;NA;NA;NA;NA;NA;1;NA;NA;NA;NA;NA;NA;NA;NA;NA;NA;NA;NA;NA;NA;NA;NA;NA;NA;NA
"credit";-0,0596443884170243;-0,0663709752349467;0,108846042525153;NA;NA;-0,0263435055172305;-0,0236276062052322;0,0660896870037592;-0,0411681734581032;0,00411285304410837;0,0356061152391575;0,033821146799535;0,0394731112313339;-0,0319726634301447;-0,0413890056924437;0,0153779679431657;0,035509252331241;-0,0174411967074284;-0,0326004970289611;0,0200127453927694;0,0268047593981034;1;0,00978737561189623;0,00549234447059502;0,00993514259804197;-0,0109781949354834;-0,0305177378178231;0,184208481463926;0,143741919331454;-0,0502685982002823;NA;NA;-0,0241252147822958;0,0596811858428636;0,0898485896572302;0,0637086619101335;0,0864436057715725;0,0161128649187547;0,0191180131216309;-0,0353468030982718;0,133014167493595;-0,0399014557947079;0,0225070156709587;-0,0210877905826206;0,0215397163676823;-0,0201394108179178;0,0170149997115825;0,0219304785767893;-0,0219304786599579;NA;NA;NA;-0,0305177378178231;0,0290521636189532;0,00424212888892271;0,0140131224361273;-0,0488610267648976;0,0947527756737636;NA;NA;NA;-0,0301730945193182;NA;1;NA;-0,00832283461711692;NA;0,12141435152981;0,0167270631947427;-0,00877918068839062;0,0297740753277934;-0,0143585165359066;0,00579237637919785;0,123265690990872;NA;-0,0212954316407662;-0,0385517422410228;NA;-0,00813026620331886;-0,00813026620331886;-0,00913646572357736;NA
"capital";NA;NA;NA;NA;NA;NA;NA;NA;NA;NA;NA;NA;NA;NA;NA;NA;NA;NA;NA;NA;NA;NA;NA;NA;NA;NA;NA;NA;NA;NA;NA;NA;NA;NA;NA;NA;NA;NA;NA;NA;NA;NA;NA;NA;NA;NA;NA;NA;NA;NA;NA;NA;NA;NA;NA;NA;NA;NA;NA;NA;NA;NA;NA;NA;1;NA;NA;NA;NA;NA;NA;NA;NA;NA;NA;NA;NA;NA;NA;NA;NA;NA
"sup_Autre";-0,0245750544798378;-0,0373329185666115;0,290535318811675;NA;NA;0,0835810154341412;0,115750122814583;-0,0241927844781081;0,135312082369984;0,138110986353362;-0,0104692431673837;-0,0109088392122441;-0,00939415022589145;0,0140076047394703;0,181849681646452;0,0204156881377001;-0,0101300147940942;0,0766924359819335;-0,0143705375774638;-0,0152735499644476;-0,0109542158874879;-0,00832283461711692;0,0274331341946884;0,0223549853603143;0,0321194735417243;-0,0451011418391261;0,124842586501063;0,0719827717010277;0,163825454961777;-0,0417193045150415;NA;NA;-0,0773517995745321;0,193453945757026;0,208056845716708;0,205792354974856;0,199371817383331;0,376232327912391;-0,0249974211753261;2,74675630552862e-05;0,0995252867994591;-0,0237414130683568;-0,0251406963962969;0,180394734933601;0,375067704088175;0,175041186349635;-0,101999166044875;-0,108758087578105;0,108758081915423;NA;NA;NA;0,124842586501063;0,170524596527384;0,275624180733552;0,260981022090014;-0,221739601458537;0,340497391933258;NA;NA;NA;-0,0649172746315713;NA;-0,00832283461711692;NA;1;NA;-0,0323561434596876;0,179264505580455;-0,0200799323104292;-0,0271886193416666;0,0813115533651154;0,161648786339763;0,0458243397262518;NA;0,0848521451781573;0,00615935836582876;NA;-0,0185957210385586;-0,0185957210385586;-0,0208971223850755;NA
"sup_Carrasol";NA;NA;NA;NA;NA;NA;NA;NA;NA;NA;NA;NA;NA;NA;NA;NA;NA;NA;NA;NA;NA;NA;NA;NA;NA;NA;NA;NA;NA;NA;NA;NA;NA;NA;NA;NA;NA;NA;NA;NA;NA;NA;NA;NA;NA;NA;NA;NA;NA;NA;NA;NA;NA;NA;NA;NA;NA;NA;NA;NA;NA;NA;NA;NA;NA;NA;1;NA;NA;NA;NA;NA;NA;NA;NA;NA;NA;NA;NA;NA;NA;NA
"sup_Carrotte";0,0156093795542818;-0,00604010575461152;0,273757473806587;NA;NA;-0,0244547934861052;-0,0178217937950182;-0,00669593903836493;0,0311106875433351;0,0024051231898018;0,239617804952971;0,243077108475447;0,230154451953788;-0,0423779007590915;-0,0406631117664073;-0,0706070049655426;0,239346767272264;-0,0412957808189751;-0,0922548778835888;-0,0668105946559912;0,113207639208936;0,12141435152981;0,202612235943961;0,159226421955798;0,233614850630083;0,141704533373864;0,076833933671083;0,252042840120285;0,290021476482988;-0,0570271595429324;NA;NA;-0,0697775169862286;0,247158471563861;0,348653177139824;0,25022602353404;0,342934373600397;0,0946720564801308;-0,0346879667374976;0,00136778620846907;0,214170069782022;-0,0234845789719308;-0,0421414911379881;-0,00107763656064892;0,102423884195569;0,000831043688425465;0,0302325337302435;0,00838326091306501;-0,00838324461038229;NA;NA;NA;0,076833933671083;0,137241647110332;0,0119850706584351;-0,0106557306532902;-0,156515006745415;0,286824416093059;NA;NA;NA;-0,0947062205452007;NA;0,12141435152981;NA;-0,0323561434596876;NA;1;0,10238627730875;-0,0177787464598615;-0,0240727688916618;-0,0290774770553684;0,0867781195041537;0,0887109117393226;NA;-0,059958593267628;0,035173873909677;NA;-0,0164646276925511;-0,0164646276925511;-0,0185022855097967;NA
"sup_Chou";-0,157490342431075;-0,180342779436365;0,743292015838662;NA;NA;0,204532291686468;0,0933132722680049;-0,0331659079585094;0,145863478177162;0,107759457478523;0,0789180733012558;0,0679844718357367;0,103492874213947;-0,0137241263305934;0,2122754335298;0,0881882917905288;0,0791855196804302;-0,0339619869154195;-0,092139574906706;-0,0358086444029633;0,10033376934087;0,0167270631947427;0,0861644182152318;0,0854613730801776;0,110241868417847;-0,0213860487634951;0,233871486000139;0,217133216925398;0,381839100153308;0,038275526799756;NA;NA;-0,117741979308783;0,441211822056627;0,367002135924952;0,44378072410353;0,343311600233575;0,487036343715715;-0,0974947046697478;-0,11658480240505;0,248743650561174;-0,139955305547495;-0,102553678687398;0,219926962456647;0,490629229119479;0,212988785552713;-0,13084584533718;-0,21247693308318;0,212476944153028;NA;NA;NA;0,233871486000139;0,324298244572536;0,345976187412998;0,303816996919302;-0,365933426513489;0,557979505585701;NA;NA;NA;-0,0599023470917263;NA;0,0167270631947427;NA;0,179264505580455;NA;0,10238627730875;1;-0,0269590390623235;-0,0285550121267294;-0,0190117652638289;0,0195800741619082;0,0798776425853574;NA;-0,0215130325753516;0,00786725079899772;NA;-0,02584157997825;-0,02584157997825;-0,0246637638197826;NA
"sup_Gombo";-0,0549618312646879;0,00318076064482071;-0,0299479018927525;NA;NA;-0,0087469779314512;-0,00784520305830251;-0,00410533868272924;-0,0165559977072522;-0,0147506117419795;-0,00426112669884471;-0,00345673333823917;-0,00607897014978397;-0,0165605766508132;0,00365859441929595;-0,0142791478640438;-0,0043731332425767;-0,0128757130329517;-0,0174269752712626;-0,0128093427004991;0,0232888906486446;-0,00877918068839062;-0,0105772780620166;-0,00831501422524865;-0,0121973955521703;-0,0119953883691979;-0,000548623019341994;0,0144373788713977;0,0127166714305087;-0,00505655770744613;NA;NA;-0,00447250090026814;-0,01406008655601;-0,0229577531018384;-0,0127218949261619;-0,0225484056840241;-0,0241517143723266;0,0122700564715791;-0,0360229882022275;-0,0265879904830033;-0,0352593125883345;0,0171083100512088;-0,0272437185053015;-0,0249361642562989;-0,028832659193191;-0,0224388093988795;-0,0196528696035368;0,0196528744353445;NA;NA;NA;-0,000548623019341994;-0,0505179810243446;-0,0533269789794492;-0,0577680845412453;0,0339489353352897;-0,0493981780440744;NA;NA;NA;-0,0180826331301692;NA;-0,00877918068839062;NA;-0,0200799323104292;NA;-0,0177787464598615;-0,0269590390623235;1;-0,00394696579181594;-0,00476753662058397;-0,0107788602082892;-0,0232112033796607;NA;0,000191025880971185;-0,0124784755904297;NA;-0,00269953666609553;-0,00269953666609553;-0,00303363058509129;NA
"sup_Mangue";-0,0639709649043551;-0,0751937495895672;0,134602882753157;NA;NA;-0,0118435784389903;-0,0106225577015257;-0,00555870851493712;-0,0224171432714537;-0,0199726155202773;-0,00589014971169662;-0,00624095198781928;-0,00504793828891172;0,0176029036723054;-0,0127279955987529;-0,0193342442492805;-0,00588552006673751;-0,0174339661605152;-0,00188050779921663;-0,0173440994380216;0,0135460332872213;0,0297740753277934;-0,00559857820715392;-0,00552644865991092;-0,00714678944746522;-0,0144036642554211;-0,0400042044330406;0,073291023472477;0,0352591687234921;-0,0502135454737239;NA;NA;-0,0174001834612771;0,0700719765307363;-0,00754315006859563;0,0736478599631051;-0,0078067033746821;-0,0248484540743398;-0,0295137867307362;-0,0672853514497664;-0,0361820711126196;-0,0635853946310163;-0,0285288787286673;-0,0453430850510223;-0,0260310116133154;-0,0491402009932519;-0,0555388981008611;-0,0507278043005844;0,0507278023049785;NA;NA;NA;-0,0400042044330406;-0,0407983784660679;-0,0586391250748096;-0,051380953235982;-0,0736909470563543;0,105020981438241;NA;NA;NA;0,0119123465122139;NA;0,0297740753277934;NA;-0,0271886193416666;NA;-0,0240727688916618;-0,0285550121267294;-0,00394696579181594;1;-0,00645533741700856;-0,0145947866063274;0,0211621231553865;NA;-0,0236106571339969;0,0169682320044687;NA;-0,00365522521085501;-0,00365522521085501;-0,00410759488260053;NA
"sup_Manioc";-0,03106841842133;-0,010525683300714;0,0826694297360842;NA;NA;-0,014305848316123;-0,0128309784065774;-0,00671435928405191;-0,027077648277859;-0,024124905287805;-0,00545285740360991;-0,00607430121793364;-0,00399266781356693;0,164228250641655;0,0422596599494476;-0,0233538171728999;-0,00488911882051917;-0,0210584728868494;0,112173564852735;-0,0209499229492368;-0,0784339078343961;-0,0143585165359066;-0,00878956802987574;-0,0084677118051814;-0,0110921609370194;-0,0162897201306713;0,0877642129904503;0,00426908216204724;0,0729708221955049;0,0309505278254196;NA;NA;-0,0204288197567406;0,0145558814594934;0,00126998938238486;0,0454959049309687;0,0167213975100312;-0,0351006216831091;-0,0481416016832296;-0,0603746487714162;-0,0148363620826643;-0,0470261551980824;-0,0285089665580235;-0,0593317151510944;-0,0352280975355244;-0,0627041804725459;-0,047479278785709;-0,0064992536238096;0,0064992498188213;NA;NA;NA;0,0877642129904503;-0,0180104611247608;0,0261912142619104;0,00141030431808937;-0,0528691089004098;0,117206537005178;NA;NA;NA;-0,02966089482653;NA;-0,0143585165359066;NA;0,0813115533651154;NA;-0,0290774770553684;-0,0190117652638289;-0,00476753662058397;-0,00645533741700856;1;-0,0176290303198348;-0,0134206966906924;NA;-0,0285192926565987;0,0145517380632838;NA;-0,00441514342114816;-0,00441514342114816;-0,00496156036262768;NA
"sup_Navet";-0,0185816658460996;-0,025431075772566;0,264312911145469;NA;NA;-0,032343902403332;-0,0290093886186311;-0,013358742657569;0,0528352476683182;0,0193087817700461;0,00810463883627373;0,0026413567631723;0,0205840139845721;-0,018554351758518;0,0193509713399201;0,0138547403095049;0,00808719884894793;-0,0115558407064946;-0,0526305293110878;0,000747611971947405;0,0475455926601142;0,00579237637919785;0,0830991406732809;0,0407670634020027;0,0807537161505693;-0,0193923022103575;0,00746650800886086;0,299211413661429;0,278377206997752;-0,0382313219043431;NA;NA;-0,0429254152301643;0,312180223777441;0,425297185791926;0,318445052977976;0,440307685491017;0,241060307620083;-0,0171420259816329;-0,0204814960885224;0,161827648487395;-0,0273129591985672;-0,0209255982088015;0,0857427107269399;0,244485280312861;0,0849908382331047;-0,0201835604810064;-0,0629917600394203;0,0629917512218608;NA;NA;NA;0,00746650800886086;0,0462885822170976;0,136338150008277;0,145823854256377;-0,0990500415001566;0,197116474425225;NA;NA;NA;-0,0607257735586855;NA;0,00579237637919785;NA;0,161648786339763;NA;0,0867781195041537;0,0195800741619082;-0,0107788602082892;-0,0145947866063274;-0,0176290303198348;1;0,0242987436619512;NA;0,225472954906302;-0,0516034127183675;NA;-0,00998213910526284;-0,00998213910526284;-0,0112175259090515;NA
"sup_Oignon";-0,0561871718641601;-0,0773821010221723;0,410178903557846;NA;NA;0,0331548991916076;0,0135009404783868;-0,0386955835352185;0,201257850764012;0,0843049724540913;0,091294469513369;0,083461721834796;0,108677905663103;-0,0422192629887821;-0,0249615590568388;0,105394305532233;0,0914312503206662;0,0608250116163221;-0,114099505605289;0,067679254823276;0,0503450412968539;0,123265690990872;0,0626570067495132;0,0335086391443511;0,062588804975533;-0,0521582277591796;0,0280011270918945;0,221464583350632;0,22373469504147;-0,0993266251825333;NA;NA;-0,112818072505865;0,282618800365814;0,22358635323564;0,272672138305434;0,21010328237182;0,141301112691459;-0,149341792750033;-0,107915640599678;0,459540348963845;-0,134981763410542;-0,158750456732889;-0,0564295427345033;0,158821255132521;-0,0495032056929346;0,114802746909649;0,186136614989859;-0,186136617801722;NA;NA;NA;0,0280011270918945;0,00876979885128253;0,0286475990793699;0,0224954649980672;-0,3038642670431;0,386346288777941;NA;NA;NA;-0,0950744823930025;NA;0,123265690990872;NA;0,0458243397262518;NA;0,0887109117393226;0,0798776425853574;-0,0232112033796607;0,0211621231553865;-0,0134206966906924;0,0242987436619512;1;NA;-0,0776185767110726;0,0419473664018374;NA;-0,0265683966236422;-0,0265683966236422;-0,0298564941186337;NA
"sup_Pasteque";NA;NA;NA;NA;NA;NA;NA;NA;NA;NA;NA;NA;NA;NA;NA;NA;NA;NA;NA;NA;NA;NA;NA;NA;NA;NA;NA;NA;NA;NA;NA;NA;NA;NA;NA;NA;NA;NA;NA;NA;NA;NA;NA;NA;NA;NA;NA;NA;NA;NA;NA;NA;NA;NA;NA;NA;NA;NA;NA;NA;NA;NA;NA;NA;NA;NA;NA;NA;NA;NA;NA;NA;NA;NA;1;NA;NA;NA;NA;NA;NA;NA
"sup_Piment";-0,127132686079443;-0,123524491290178;0,0681931659801482;NA;NA;-0,0523242175866729;-0,0469298213681611;0,139656480880145;-0,0583374965213106;-0,0048073626973541;-0,0106878740608088;-0,0129926834776255;-0,00533316371249007;-0,069463318978987;-0,0588070634356944;-0,037102506913668;-0,0110202117911749;-0,0357358018506289;-0,049007828132924;-0,0412526607832435;0,0670275834925225;-0,0212954316407662;-0,0210037726603295;-0,020710774949486;-0,0267983371909142;-0,0433510262957292;-0,0550035266842428;0,0453711202795877;-0,00197483858719941;-0,0368685603824255;NA;NA;-0,0541155918111921;0,0139656080220862;0,00649258703683261;0,0199065384353821;-0,00170448757394591;0,0430164153662505;-0,0959293372747758;-0,156471666342429;0,0562343605235606;-0,156804908078941;-0,0932743659580472;-0,060002017813122;0,0447912677706972;-0,0599624950192284;0,00644293220098969;0,149884609465959;-0,149884612577107;NA;NA;NA;-0,0550035266842428;-0,035043252944426;-0,053859734252181;-0,0415662319612778;-0,136459617248396;0,0822923324159233;NA;NA;NA;-0,0743207286817338;NA;-0,0212954316407662;NA;0,0848521451781573;NA;-0,059958593267628;-0,0215130325753516;0,000191025880971185;-0,0236106571339969;-0,0285192926565987;0,225472954906302;-0,0776185767110726;NA;1;0,0251004087046664;NA;-0,0161485652538452;0,0404463998776885;-0,0181471072701755;NA
"sup_Tomate";0,0172510006187107;-0,010192383629347;0,133567630150433;NA;NA;0,0310751463123424;0,0446520885890103;-0,028886804635029;0,153196002166567;0,0908485960722002;-0,0195124426369377;-0,0192811052669359;-0,0199185678341929;0,0375932379012755;-0,0137112170007707;-0,021599328455542;-0,0192277054800894;0,0565005546176834;0,0240129816838227;-0,0259481438129351;-0,0319344161757475;-0,0385517422410228;-0,00711185952639801;-0,00943653335937584;-0,010561619400297;-0,046038578598736;-0,0163828566657408;0,073710930197264;0,0542349318733177;-0,0600630903459361;NA;NA;-0,0737090110844654;0,119623423730411;-0,0212075942483069;0,0968051046347442;-0,0192729013240852;-0,0127842123290162;-0,0848232266571309;-0,150001456441716;0,0509132960128174;-0,150796087305689;-0,0850266166068344;-0,0425915394492426;-0,0104350814750115;-0,0501132252008339;-0,114596938437712;-0,02518849489441;0,0251884995796925;NA;NA;NA;-0,0163828566657408;0,0324085447639594;-0,0311277067973658;-0,0287702328583871;-0,166430798695944;0,164778825153633;NA;NA;NA;-0,0888222945802908;NA;-0,0385517422410228;NA;0,00615935836582876;NA;0,035173873909677;0,00786725079899772;-0,0124784755904297;0,0169682320044687;0,0145517380632838;-0,0516034127183675;0,0419473664018374;NA;0,0251004087046664;1;NA;-0,020129111079432;-0,020129111079432;-0,0226202843577543;NA
"sup_bissap";NA;NA;NA;NA;NA;NA;NA;NA;NA;NA;NA;NA;NA;NA;NA;NA;NA;NA;NA;NA;NA;NA;NA;NA;NA;NA;NA;NA;NA;NA;NA;NA;NA;NA;NA;NA;NA;NA;NA;NA;NA;NA;NA;NA;NA;NA;NA;NA;NA;NA;NA;NA;NA;NA;NA;NA;NA;NA;NA;NA;NA;NA;NA;NA;NA;NA;NA;NA;NA;NA;NA;NA;NA;NA;NA;NA;NA;1;NA;NA;NA;NA
"sup_citronelle";-0,071096933859179;-0,0691170465969836;0,0583192516689479;NA;NA;-0,00810044371809031;-0,0072653236727929;-0,0038018919452824;-0,0153322586012491;-0,0136603180160857;-0,00413288416599189;-0,00387693006371135;-0,00469359573074321;-0,0153364990914956;0,160956547239802;-0,01322370246289;-0,00423660411009565;-0,0119240027322675;-0,0161388577252296;-0,0118625381731024;0,0215674887297682;-0,00813026620331886;-0,00341836806373313;-0,00351995702821852;-0,00445305586950853;-0,00912378221479171;0,00217267468432243;0,0736114216015787;0,0687501350720856;-0,0171192895646201;NA;NA;-0,0114273915134112;-0,0270295954088522;-0,0257541295647864;-0,0276740664330554;-0,0252137256256837;-0,017703864346228;-0,0533738765898223;-0,0571930946660399;-0,0299841893124403;-0,0531464812400507;-0,0511820343784141;-0,0323924592796284;-0,0187252917637144;-0,0352023670490447;-0,0412120826594942;-0,0413783418681685;0,0413783419474019;NA;NA;NA;0,00217267468432243;0,00112606423861643;-0,0121277951149251;-0,0138457795675647;-0,0260497729409581;0,0313308629254748;NA;NA;NA;-0,0205732480413651;NA;-0,00813026620331886;NA;-0,0185957210385586;NA;-0,0164646276925511;-0,02584157997825;-0,00269953666609553;-0,00365522521085501;-0,00441514342114816;-0,00998213910526284;-0,0265683966236422;NA;-0,0161485652538452;-0,020129111079432;NA;1;-0,0025;-0,00280939931580831;NA
"sup_laitue";-0,0786326966799126;-0,0916320528293472;-0,0213373957967762;NA;NA;-0,00810044371809031;-0,0072653236727929;-0,0038018919452824;-0,0153322586012491;-0,0136603180160857;-0,00416196453987209;-0,00391860796866719;-0,00469359573074322;-0,0153364990914956;-0,0322876906139723;-0,01322370246289;-0,00426568329739573;-0,0119240027322675;-0,0161388577252296;-0,0118625381731024;0,0215674887297682;-0,00813026620331886;-0,00724522779606116;-0,00561073503160172;-0,00830287504868067;-0,00686469922289153;-0,0326770272522093;-0,0167503540991348;-0,040976448664855;-0,0402156233582566;NA;NA;-0,0114809964575803;-0,023596075252735;-0,0200273717596452;-0,024102097913764;-0,0196925634547326;-0,0225833927156746;-0,0425366915615926;-0,0364467549380209;-0,0257905791723313;-0,0353070651964986;-0,0408928458046862;-0,0298895717829844;-0,0233564252243042;-0,0319893214473904;-0,0302451842427828;-0,0230528738337526;0,0230528722460792;NA;NA;NA;-0,0326770272522093;-0,0144446860953555;-0,0121277951149251;-0,00310659657608802;-0,0270037530382952;-0,0457469041488528;NA;NA;NA;-0,0200015735505527;NA;-0,00813026620331886;NA;-0,0185957210385586;NA;-0,0164646276925511;-0,02584157997825;-0,00269953666609553;-0,00365522521085501;-0,00441514342114816;-0,00998213910526284;-0,0265683966236422;NA;0,0404463998776885;-0,020129111079432;NA;-0,0025;1;-0,00280939931580831;NA
"sup_menthe";-0,0653326597836148;-0,0762302272940274;0,00704785161002005;NA;NA;-0,00910295241573865;-0,0081644781421881;-0,00427241305194139;-0,0172297747296581;-0,015350915235246;-0,00480223888606833;-0,00471707622378135;-0,00496693718533009;-0,017234540021817;-0,0362836063679696;-0,0148602642606784;-0,00491878874042075;-0,0133997140470915;-0,0181361983404751;-0,0133306426509056;0,0242366752324457;-0,00913646572357736;-0,0081874296049227;-0,00675843955539021;-0,00963921363704009;-0,0106516856161195;-0,0367211272020025;-0,0188233733382624;-0,0460476827373192;-0,0451926978989963;NA;NA;-0,0143348666199865;0,00503219749366739;-0,000549542830198693;0,00590567309585529;0,00232316077154758;0,00252192083210939;-0,0133330990726287;-0,0221495405388575;-0,0309753653294431;-0,0191577416964102;-0,012927907887715;0,00609198381102602;0,00116813422769658;0,00346789127358458;-0,0420113197707733;-0,0446196177392328;0,0446196136273631;NA;NA;NA;-0,0367211272020025;0,00847039461926001;-0,0188560064254004;-0,00917024999960633;-0,068846510166389;0,0352083619466051;NA;NA;NA;0,0162647541295583;NA;-0,00913646572357736;NA;-0,0208971223850755;NA;-0,0185022855097967;-0,0246637638197826;-0,00303363058509129;-0,00410759488260053;-0,00496156036262768;-0,0112175259090515;-0,0298564941186337;NA;-0,0181471072701755;-0,0226202843577543;NA;-0,00280939931580831;-0,00280939931580831;1;NA
"sup_persil";NA;NA;NA;NA;NA;NA;NA;NA;NA;NA;NA;NA;NA;NA;NA;NA;NA;NA;NA;NA;NA;NA;NA;NA;NA;NA;NA;NA;NA;NA;NA;NA;NA;NA;NA;NA;NA;NA;NA;NA;NA;NA;NA;NA;NA;NA;NA;NA;NA;NA;NA;NA;NA;NA;NA;NA;NA;NA;NA;NA;NA;NA;NA;NA;NA;NA;NA;NA;NA;NA;NA;NA;NA;NA;NA;NA;NA;NA;NA;NA;NA;1
