RGPHAE;2013;2014;2015;2016;2017;2018;2019;2020;2021;2022;2023;2024;2025
region_de_dakar;3137196;3233460;3330692;3429370;3529300;3630324;3732284;3835019;3938358;4042225;4146593;4251430;4356697
zoneurbaine_dakar;3026316;3117055;3210787;3305913;3402246;3499631;3597922;3696959;3796577;3896705;3997315;4098379;4199856
zonerurale_dakar;110880;116404;119905;123457;127054;130692;134362;138061;141780;145521;149277;153051;156841
departement_de_dakar;1146052;1181218;1216738;1252786;1289292;1326197;1363444;1400974;1438725;1476669;1514796;1553094;1591549
arrondissement__dakar_plateau;189485;195299;201172;207132;213168;219270;225428;231633;237875;244148;250452;256784;263142
ca._goree;1680;1732;1784;1836;1890;1944;1999;2054;2109;2165;2221;2277;2333
ca._plateau;34713;35778;36854;37946;39052;40169;41298;42434;43578;44727;45882;47042;48207
ca._medina;81982;84498;87038;89617;92229;94869;97533;100218;102918;105632;108360;111099;113850
ca._colobane_fass_gueule_tapee;52269;53873;55493;57137;58802;60485;62184;63895;65617;67348;69087;70833;72587
ca._fann_point_e__amitie;18841;19419;20003;20596;21196;21803;22415;23032;23653;24276;24903;25533;26165
arrondissement__grand_dakar;306726;316138;325644;335292;345062;354939;364908;374953;385056;395211;405415;415665;425958
ca._grand_dakar;47012;48455;49912;51390;52888;54402;55930;57469;59018;60574;62138;63709;65287
ca._biscuiterie;68547;70650;72775;74931;77114;79322;81550;83794;86052;88322;90602;92893;95193
ca._hlm;39126;40327;41539;42770;44016;45276;46548;47829;49118;50413;51715;53022;54335
ca._hann__bel_air_;67961;70046;72153;74290;76455;78644;80852;83078;85317;87567;89828;92099;94379
ca._sicap_liberte;47164;48611;50073;51556;53059;54578;56110;57655;59209;60770;62339;63915;65498
ca._dieuppeul_derkle;36917;38050;39194;40355;41531;42720;43920;45129;46345;47567;48795;50029;51267
arrondissement__almadies;211314;217798;224347;230994;237725;244530;251398;258318;265278;272275;279305;286366;293457
ca._ouakam;74692;76984;79299;81648;84027;86433;88860;91306;93766;96239;98724;101220;103727
ca._n.gor;17383;17916;18455;19002;19556;20115;20680;21250;21822;22398;22976;23557;24140
ca._yoff;89442;92187;94959;97772;100621;103501;106408;109337;112283;115245;118220;121209;124210
ca.mermoz__sacre__coeur;29798;30712;31636;32573;33522;34482;35450;36426;37408;38394;39386;40381;41381
arrondissement__parcelles_ass;438527;451983;465574;479368;493337;507458;521710;536071;550516;565035;579624;594278;608993
ca._grand_yoff;185503;191195;196944;202779;208688;214662;220691;226765;232876;239018;245189;251388;257612
ca._patte_d.oie;41106;42367;43641;44934;46244;47567;48903;50249;51603;52964;54332;55706;57085
ca._parcelles_assainies;159498;164392;169336;174352;179433;184569;189753;194976;200230;205511;210817;216147;221499
ca._camberene;52420;54028;55653;57302;58972;60660;62363;64080;65807;67542;69286;71038;72797
departement_de_guediawaye;329658;339773;349991;360360;370860;381476;392190;402986;413844;424759;435726;446742;457804
arrondissement__guediawaye;329658;339773;349991;360360;370860;381476;392190;402986;413844;424759;435726;446742;457804
ca.__golf_sud;92345;95179;98041;100945;103887;106860;109862;112886;115928;118985;122057;125143;128242
ca.__sam__notaire;78660;81074;83512;85986;88491;91024;93581;96157;98748;101352;103969;106598;109237
ca.__n.diareme_limamoulaye;35171;36250;37340;38447;39567;40699;41843;42994;44153;45317;46487;47663;48843
ca.__wakhinane_nimzatt;89721;92474;95255;98077;100935;103824;106740;109678;112634;115604;118589;121587;124598
ca.__medina_gounass;33762;34798;35844;36906;37982;39069;40166;41272;42384;43502;44625;45753;46886
departement_de_pikine;1170791;1206716;1243003;1279829;1317123;1354825;1392876;1431216;1469782;1508545;1547495;1586619;1625905
arrondissement_niayes;499118;514433;529903;545602;561501;577573;593795;610139;626580;643105;659710;676389;693137
ca._yeumbeul_nord;168379;173546;178764;184061;189424;194846;200318;205832;211379;216954;222555;228182;233832
ca._yeumbeul_sud;96956;99931;102936;105986;109074;112196;115347;118522;121716;124926;128152;131392;134645
ca._malika;32130;33116;34112;35122;36146;37180;38225;39277;40335;41399;42468;43542;44620
ca._keur_massar;201653;207841;214091;220433;226857;233350;239904;246508;253150;259827;266535;273274;280040
arrondissement_pikine_dagouda;328673;338758;348945;359283;369752;380336;391018;401781;412608;423490;434424;445407;456436
ca._pikine_ouest;52154;53754;55371;57011;58672;60352;62047;63755;65473;67200;68935;70677;72427
ca._pikine_est;32452;33448;34454;35474;36508;37553;38608;39670;40739;41814;42893;43978;45067
ca._pikine_sud;46780;48215;49665;51137;52627;54133;55654;57186;58726;60275;61832;63395;64964
ca._daliford;30418;31351;32294;33251;34220;35199;36188;37184;38186;39193;40205;41222;42242
ca._djidah_thiaroye_kao;96952;99927;102932;105981;109070;112192;115343;118518;121711;124921;128146;131386;134639
ca._guinaw_rail_nord;30058;30980;31912;32857;33815;34783;35760;36744;37734;38729;39729;40734;41742
ca._guinaw_rail_sud;39859;41082;42317;43571;44841;46124;47420;48725;50038;51358;52684;54016;55353
arrondissement_thiaroye;343000;353525;364156;374944;385870;396915;408063;419295;430594;441950;453361;464823;476332
ca._thiaroye__mer;52773;54392;56028;57688;59369;61068;62783;64512;66250;67997;69753;71516;73287
ca._diack_sao;40561;41806;43063;44339;45631;46937;48255;49583;50919;52262;53612;54967;56328
ca._diamaguene_sicap_m.bao_;128512;132455;136438;140481;144574;148712;152889;157098;161331;165586;169861;174155;178468
ca._thiaroye_gare;24834;25596;26366;27147;27938;28738;29545;30358;31176;31998;32824;33654;34488
ca._m.bao;96320;99276;102261;105290;108359;111460;114591;117745;120918;124107;127311;130530;133762
departement_de_rufisque;490695;505752;520960;536395;552025;567826;583774;599843;616006;632252;648577;664975;681440
arrondissement_bambylor;110881;114283;117719;121207;124739;128310;131913;135544;139197;142868;146557;150262;153982
cr._yene;24795;25556;26324;27104;27894;28692;29498;30310;31127;31948;32773;33601;34433
cr._bambylor;44962;46342;47735;49149;50582;52029;53491;54963;56444;57933;59429;60931;62440
cr._tivaouane_peulh_niagha;41123;42385;43659;44953;46263;47587;48924;50270;51625;52986;54354;55729;57108
arrondissement_rufisque;379814;391468;403240;415187;427285;439516;451860;464298;476809;489384;502020;514712;527457
ca._rufisque_centre_nord;92051;94876;97729;100624;103556;106520;109512;112526;115559;118606;121669;124745;127833
ca._rufisque__est;70125;72277;74450;76656;78890;81148;83427;85723;88033;90355;92688;95031;97384
ca._rufisque_ouest;58890;60697;62522;64375;66250;68147;70061;71989;73929;75879;77838;79806;81782
com._bargny;51188;52759;54345;55955;57586;59234;60898;62574;64260;65955;67658;69368;71086
com._sebikotane;27402;28243;29092;29954;30827;31709;32600;33497;34400;35307;36219;37134;38054
com._diamniadio;23547;24270;24999;25740;26490;27248;28014;28785;29560;30340;31123;31910;32700
com._jaxaay_parcelle_niakoul_rap;41570;42846;44134;45442;46766;48104;49455;50817;52186;53562;54945;56334;57729
com._sangalkam;11916;12282;12651;13026;13405;13789;14176;14567;14959;15354;15750;16148;16548
com._sendou;3125;3221;3318;3416;3516;3616;3718;3820;3923;4027;4130;4235;4340
region_diourbel;1497455;1543647;1591593;1641350;1692967;1746496;1801991;1859503;1919090;1980821;2044771;2111013;2179594
zoneurbaine_diourbel;239870;248527;256246;265899;274260;282932;291923;301239;312812;322873;333298;344095;355274
zonerurale_diourbel;1257585;1295120;1335346;1375451;1418706;1463563;1510068;1558263;1606279;1657948;1711474;1766918;1824320
departement_bambey;299476;308714;318303;328254;338576;349282;360380;371882;383799;396144;408934;422181;435897
commune_de_bambey;28908;29800;30725;31686;32682;33716;34787;35897;37048;38239;39474;40753;42077
arrondissement_baba_garage;44500;45873;47298;48776;50310;51901;53550;55259;57030;58864;60765;62733;64771
cr.__baba_garage;15815;16303;16809;17335;17880;18445;19031;19639;20268;20920;21595;22295;23019
cr.__dinguiraye;9386;9676;9976;10288;10611;10947;11295;11655;12029;12416;12817;13232;13662
cr.__k._samba_kane;19299;19894;20512;21153;21819;22509;23224;23965;24733;25529;26353;27206;28090
arrondissement_lambaye;101412;104540;107787;111157;114653;118278;122036;125931;129966;134147;138478;142964;147608
cr.__gawane;14373;14816;15277;15754;16250;16763;17296;17848;18420;19012;19626;20262;20920
cr.__lambaye;27847;28706;29598;30523;31483;32478;33510;34580;35688;36836;38025;39257;40532
cr.__n.gogom;25464;26249;27065;27911;28789;29699;30643;31621;32634;33684;34771;35897;37064
cr.__refane;33727;34767;35847;36968;38130;39336;40586;41881;43223;44614;46054;47546;49091
arrondissement_ngoye;124657;128502;132494;136636;140933;145389;150008;154796;159756;164895;170219;175733;181442
cr.__dangalma;32640;33647;34692;35776;36902;38068;39278;40532;41830;43176;44570;46014;47509
cr.__n.dondol;24347;25098;25878;26687;27526;28396;29298;30234;31202;32206;33246;34323;35438
cr.__n.goye;46176;47600;49079;50613;52205;53856;55567;57340;59178;61081;63053;65096;67211
cr.__thiakar;21495;22158;22846;23561;24301;25070;25866;26692;27547;28433;29351;30302;31287
departement_diourbel;268215;276489;285076;293989;303234;312822;322762;333063;343736;354793;366247;378112;390396
commune_de_diourbel;133706;137830;142111;146554;151163;155943;160898;166033;171353;176865;182575;188490;194613
arrondissement_ndindy;47980;49460;50996;52591;54244;55960;57738;59580;61490;63468;65517;67639;69836
cr.__dankh__sene;9630;9927;10235;10555;10887;11232;11588;11958;12341;12738;13150;13576;14017
cr.__gade_escale;3240;3340;3444;3551;3663;3779;3899;4023;4152;4286;4424;4568;4716
cr.__n.dindy;14197;14635;15089;15561;16051;16558;17084;17629;18194;18780;19386;20014;20664
cr.__keur_n.galgou;7214;7437;7668;7907;8156;8414;8681;8958;9245;9543;9851;10170;10500
cr.__taiba_moutoupha;10382;10702;11035;11380;11738;12109;12493;12892;13305;13733;14177;14636;15111
cr._touba_lappe;3317;3419;3526;3636;3750;3869;3992;4119;4251;4388;4529;4676;4828
arrondissement_ndoulo;86528;89197;91968;94843;97825;100918;104125;107448;110891;114459;118154;121981;125944
cr.__n.doulo;12149;12524;12913;13316;13735;14169;14620;15086;15570;16071;16589;17127;17683
cr.__n.gohe;30190;31121;32088;33091;34132;35211;36330;37489;38691;39935;41224;42560;43943
cr.__patar;17072;17599;18145;18713;19301;19911;20544;21200;21879;22583;23312;24067;24849
cr.__tocky_gare_;14726;15180;15652;16141;16649;17175;17721;18286;18872;19479;20108;20760;21434
cr.__toure_m.bonde_;12391;12773;13170;13582;14009;14452;14911;15387;15880;16391;16920;17468;18035
departement_mbacke;929764;958444;988214;1019108;1051157;1084393;1118849;1154558;1191556;1229884;1269590;1310720;1353301
commune_de_mbacke;77256;79639;82113;84680;87343;90104;92967;95935;99009;102194;105493;108910;112449
arrondissement_kael;40411;41658;42951;44294;45687;47132;48629;50181;51789;53455;55181;56969;58820
cr.__dendeye_gouye_gui;5370;5536;5708;5886;6071;6263;6462;6668;6882;7103;7333;7570;7816
cr.__darou_salam__typ;5522;5692;5869;6053;6243;6440;6645;6857;7077;7304;7540;7785;8037
cr.__kael;5413;5580;5753;5933;6120;6313;6514;6722;6937;7160;7391;7631;7879
cr.__madina;5630;5804;5984;6171;6365;6566;6775;6991;7215;7447;7688;7937;8195
cr.__n.dioumane__t._thiekene;4223;4353;4488;4629;4774;4925;5082;5244;5412;5586;5766;5953;6147
cr.__touba__m.boul;10157;10470;10796;11133;11483;11846;12223;12613;13017;13436;13869;14319;14784
cr.__darou_nahim;2358;2431;2506;2585;2666;2750;2838;2928;3022;3119;3220;3324;3432
cr.__taiba_tieckene;1738;1792;1847;1905;1965;2027;2091;2158;2227;2299;2373;2450;2530
arrondissement_ndame;779740;803793;828759;854668;881545;909418;938315;968262;999290;1031434;1064733;1099226;1134937
cr.__dalla_n.gabou;8600;8865;9141;9426;9723;10030;10349;10679;11021;11376;11743;12124;12518
cr.__missirah;6967;7182;7405;7636;7877;8126;8384;8651;8929;9216;9513;9822;10141
cr.__n.ghaye;4746;4892;5044;5202;5366;5535;5711;5893;6082;6278;6481;6691;6908
cr.__touba_fall_;6114;6303;6498;6702;6912;7131;7357;7592;7836;8088;8349;8619;8899
cr.__touba_mosquee;753313;776550;800670;825701;851668;878596;906514;935446;965422;996476;1028647;1061971;1096471
arrondissement_taif;32357;33355;34391;35466;36582;37738;38937;40180;41468;42802;44183;45615;47097
cr.__sadio;17570;18112;18675;19258;19864;20492;21143;21818;22517;23241;23992;24769;25574
cr.__taif;14788;15244;15718;16209;16719;17247;17795;18363;18952;19561;20193;20847;21524
region_fatick;714392;737487;761710;787037;813542;841294;870361;900791;932629;965912;1000675;1036947;1074749
zoneurbaine_fatick;110489;120210;125682;131436;137489;143861;150572;156737;164143;171933;180122;188724;197754
zonerurale_fatick;603903;617277;636028;655602;676054;697433;719788;744053;768486;793979;820554;848223;876995
departement_fatick;339238;350205;361708;373734;386321;399499;413302;427752;442871;458675;475183;492407;510358
com._fatick;28276;29190;30149;31151;32200;33299;34449;35654;36914;38231;39607;41043;42539
com._diofior;11312;11678;12061;12462;12882;13321;13782;14264;14768;15295;15845;16419;17018
com._diakhao;4398;4540;4689;4845;5008;5179;5358;5546;5742;5946;6160;6384;6616
arrondissement_ndiob;68925;71153;73490;75934;78491;81169;83973;86909;89981;93192;96546;100045;103692
cr.__diaoule;12587;12994;13421;13867;14334;14823;15335;15871;16432;17019;17631;18270;18936
cr.__mbelacadiao;16178;16701;17250;17823;18423;19052;19710;20399;21120;21874;22661;23483;24339
cr.__ndiob;19028;19643;20288;20963;21669;22408;23182;23993;24841;25727;26653;27619;28626
cr.__thiare__ndialgui;21133;21816;22533;23282;24066;24887;25747;26647;27589;28573;29602;30675;31793
arrondissement_fimela;64595;66683;68873;71164;73560;76069;78698;81449;84328;87337;90481;93760;97178
cr.__fimela;25228;26044;26899;27793;28729;29709;30736;31810;32935;34110;35338;36619;37954
cr.__loul_sessene;20340;20998;21687;22408;23163;23953;24781;25647;26554;27501;28491;29524;30600
cr.__palmarin_facao;9323;9624;9941;10271;10617;10979;11358;11756;12171;12605;13059;13532;14026
cr.__djilasse;9703;10017;10346;10690;11050;11427;11821;12235;12667;13119;13591;14084;14597
arondissement_niakhar;77784;80299;82936;85694;88580;91601;94766;98079;101546;105170;108955;112904;117020
cr.__ngayokheme;24012;24788;25602;26454;27345;28277;29254;30277;31347;32466;33634;34854;36124
cr.__niakhar;28545;29468;30436;31448;32507;33616;34777;35993;37265;38595;39984;41433;42944
cr.__patar;25226;26042;26897;27791;28727;29707;30733;31808;32932;34107;35335;36616;37951
arondissement_tattaguine;83948;86662;89508;92484;95599;98860;102276;105852;109593;113504;117589;121851;126293
cr.__diarere;30238;31216;32241;33313;34435;35609;36840;38128;39475;40884;42355;43891;45491
cr.__diouroup;23213;23963;24751;25573;26435;27336;28281;29270;30304;31386;32515;33694;34922
cr.__tattaguine;30499;31485;32519;33600;34732;35917;37158;38457;39816;41237;42721;44270;45883
departement_foundiougne;279436;288470;297945;307851;318219;329074;340444;352346;364800;377819;391416;405604;420390
com._foundiougne;6822;7043;7274;7516;7769;8034;8311;8602;8906;9224;9556;9902;10263
com._sokone;14745;15222;15722;16244;16791;17364;17964;18592;19249;19936;20654;21403;22183
com._passy;12571;12977;13404;13849;14316;14804;15316;15851;16411;16997;17609;18247;18912
com._karang_poste;14624;15097;15593;16111;16654;17222;17817;18440;19091;19773;20484;21227;22001
com._soum;5044;5207;5378;5557;5744;5940;6145;6360;6585;6820;7065;7321;7588
arondissement_djilor;79133;81691;84374;87180;90116;93190;96410;99780;103307;106994;110844;114862;119050
cr.__djilor;19732;20370;21039;21739;22471;23237;24040;24880;25760;26679;27639;28641;29685
cr.__diossong;23361;24116;24908;25737;26603;27511;28461;29456;30497;31586;32723;33909;35145
cr.__diagane_barka;9763;10079;10410;10756;11118;11497;11894;12310;12745;13200;13675;14171;14688
cr.__mbam;9961;10283;10621;10974;11343;11730;12136;12560;13004;13468;13953;14458;14986
cr.__niassene;16315;16842;17396;17974;18579;19213;19877;20572;21299;22059;22853;23681;24545
arondissement_niodior;28868;29801;30780;31804;32875;33996;35171;36400;37687;39032;40436;41902;43430
cr.__bassoul;8947;9236;9540;9857;10189;10536;10900;11281;11680;12097;12532;12987;13460
cr.__dionewar;11274;11638;12021;12420;12839;13277;13735;14216;14718;15243;15792;16364;16961
cr.__djirnda;8649;8929;9222;9528;9849;10185;10537;10906;11291;11694;12115;12554;13012
arondissement_toubacouta;117630;121433;125421;129592;133956;138525;143311;148322;153564;159045;164769;170741;176965
cr.__keur_s.diane;26715;27579;28484;29432;30423;31461;32548;33685;34876;36121;37421;38777;40191
cr.__keur__samba_gueye;23523;24283;25081;25915;26788;27702;28659;29661;30709;31805;32950;34144;35389
cr.__nioro_alassane_tall;32435;33484;34583;35733;36937;38197;39516;40898;42343;43855;45433;47080;48796
cr.__toubacouta;34957;36087;37272;38512;39809;41167;42589;44078;45636;47265;48966;50740;52590
departement_gossas;95715;98809;102055;105448;108999;112717;116612;120689;124955;129414;134072;138931;143996
commune_gossas;12698;13109;13539;13989;14460;14954;15470;16011;16577;17169;17787;18431;19103
arondissement_colobane;45611;47086;48632;50249;51941;53713;55569;57512;59545;61670;63889;66205;68618
cr.__colobane;18310;18902;19523;20172;20851;21563;22308;23087;23903;24757;25647;26577;27546
cr.__mbar;27301;28184;29109;30077;31090;32151;33261;34424;35641;36913;38242;39628;41072
arondissement_ouadiour;37406;38615;39884;41210;42598;44051;45573;47166;48833;50576;52396;54295;56275
cr.__ndiene_lagane;11866;12250;12652;13073;13513;13974;14457;14962;15491;16044;16621;17224;17852
cr.__ouadiour;10816;11166;11532;11916;12317;12737;13177;13638;14120;14624;15150;15700;16272
cr.__patar_lia;14724;15200;15699;16221;16768;17340;17939;18566;19222;19908;20624;21372;22151
region_kaffrine;566992;587946;609638;632023;655121;678955;703555;728948;755172;782273;810304;839311;869348
popu.urbaine_kaffrine;85877;95247;101200;107444;113991;120854;128047;135584;143483;151761;160440;169541;179086
popu.rurale_kaffrine;481115;492699;508438;524580;541129;558101;575509;593364;611689;630512;649863;669771;690262
departement_kaffrine;207676;215351;223296;231495;239956;248685;257696;266997;276602;286528;296796;307420;318422
com._kaffrine;39536;40997;42510;44071;45681;47343;49058;50829;52658;54547;56502;58525;60619
com._n.ganda;10508;10896;11298;11713;12141;12583;13039;13510;13996;14498;15017;15555;16112
arrondissement_gniby;60444;62678;64990;67377;69839;72380;75002;77709;80505;83394;86382;89474;92677
cr.__boulel;23409;24274;25170;26094;27048;28032;29047;30096;31178;32297;33454;34652;35892
cr.__gniby;15544;16118;16713;17327;17960;18613;19288;19984;20703;21446;22214;23010;23833
cr.__kahi;21491;22285;23107;23956;24831;25735;26667;27630;28624;29651;30713;31813;32951
arrondissement_katakel;97188;100780;104498;108335;112294;116380;120596;124949;129444;134089;138894;143866;149015
cr.__diokoul_m.belbouck;24277;25174;26103;27061;28050;29071;30124;31211;32334;33495;34695;35937;37223
cr.__kathiote;32963;34181;35442;36744;38087;39472;40902;42379;43903;45479;47108;48795;50541
cr.__medinatoul_salam_2;20613;21375;22163;22977;23817;24683;25578;26501;27454;28440;29459;30513;31605
cr.__diamagadio;19336;20051;20790;21554;22341;23154;23993;24859;25753;26678;27634;28623;29647
departement_mbirkilane;101217;104958;108830;112826;116949;121204;125596;130129;134810;139648;144652;149830;155192
com_.birkelane;7011;7270;7538;7815;8101;8395;8700;9014;9338;9673;10020;10378;10750
arrondissment_keur_m.bouki;30312;31432;32592;33789;35023;36298;37613;38970;40372;41821;43320;44870;46476
cr.__keur_m.bouki;10139;10514;10902;11302;11715;12141;12581;13035;13504;13989;14490;15009;15546
cr.__touba_m.bella;9922;10289;10668;11060;11464;11881;12312;12756;13215;13689;14180;14687;15213
cr.__diamal;10250;10629;11021;11426;11843;12274;12719;13178;13652;14142;14649;15173;15716
arrondissement_mabo;63894;66255;68700;71222;73825;76511;79283;82145;85100;88154;91313;94581;97966
cr.__mabo;25208;26140;27104;28099;29126;30186;31279;32408;33574;34779;36025;37315;38651
cr.__n.diognick;29776;30876;32016;33191;34404;35656;36948;38281;39658;41082;42554;44077;45654
cr.__mbeuleup;4179;4333;4493;4658;4829;5004;5186;5373;5566;5766;5972;6186;6408
cr.__segre_gatta;4730;4905;5086;5273;5465;5664;5869;6081;6300;6526;6760;7002;7252
departement_koungheul;163438;169478;175731;182183;188842;195712;202803;210123;217682;225494;233574;241935;250593
com._koungheul;20942;21716;22517;23344;24197;25077;25986;26924;27892;28893;29929;31000;32110
arrondissement_ida_mouride;57745;59879;62088;64368;66720;69148;71653;74239;76910;79670;82525;85479;88538
cr.__saly_escale;22799;23642;24514;25414;26343;27301;28290;29311;30366;31456;32583;33749;34957
cr.__fass_thiekene;15867;16453;17060;17687;18333;19000;19689;20399;21133;21892;22676;23488;24328
cr.__ida_mouride;19079;19784;20514;21267;22044;22846;23674;24529;25411;26323;27266;28242;29253
arrondissement_lour_escale;36541;37891;39289;40732;42221;43757;45342;46979;48669;50415;52222;54091;56027
cr.__lour_escale;22530;23363;24225;25114;26032;26979;27956;28965;30008;31084;32198;33351;34544
cr.__ribot_escale;14011;14529;15065;15618;16189;16778;17386;18013;18661;19331;20024;20740;21483
arrondissement_missirah_wade;48210;49992;51836;53739;55703;57730;59822;61981;64211;66515;68898;71365;73919
cr.__gainthe_pathe;15490;16062;16655;17267;17898;18549;19221;19915;20631;21371;22137;22930;23750
cr.__maka_yop;13823;14334;14863;15408;15972;16553;17152;17771;18411;19071;19755;20462;21194
cr.__missirah_wadene;18896;19594;20317;21063;21833;22627;23447;24293;25167;26071;27005;27972;28973
departement_malem_hoddar;94662;98160;101782;105519;109376;113355;117462;121701;126080;130604;135284;140127;145142
com._malem_hoddar;7879;8170;8472;8783;9104;9435;9777;10130;10494;10871;11260;11663;12081
arrondissement_darou_minam_ii;30035;31145;32294;33480;34703;35966;37269;38614;40003;41439;42924;44460;46052
cr.__darou_minam_ii;14866;15415;15984;16571;17177;17802;18447;19112;19800;20510;21245;22006;22793
cr.__n.dioum__n.gainth;8087;8386;8695;9015;9344;9684;10035;10397;10771;11158;11557;11971;12399
cr.__khelcom;1665;1727;1790;1856;1924;1994;2066;2141;2218;2297;2379;2465;2553
cr.__ndiobene_samba_lamo;5418;5618;5826;6039;6260;6488;6723;6966;7216;7475;7743;8020;8307
arrondissement_sagna;56748;58845;61016;63257;65568;67954;70416;72958;75582;78295;81100;84003;87010
cr.__dianke_souf;19036;19740;20468;21219;21995;22795;23621;24473;25354;26264;27205;28179;29187
cr.__sagna;37712;39106;40548;42037;43574;45159;46795;48484;50228;52031;53895;55825;57822
region_kaolack;960875;990748;1021656;1053535;1086464;1120404;1155433;1191566;1228746;1267014;1306304;1346613;1388007
zoneurbaine_kaolack;338760;355678;370861;386648;403078;420151;437909;456370;475524;495402;515990;537298;559367
zonerurale_kaolack;622115;635069;650795;666889;683386;700252;717524;735196;753221;771611;790314;809314;828640
departement_kaolack;488765;503960;519682;535898;552648;569912;587730;606110;625022;644488;664473;684977;706033
com._kaolack;233707;240973;248490;256244;264253;272508;281028;289816;298859;308167;317723;327527;337595
com._kahone;14231;14673;15131;15603;16091;16594;17112;17648;18198;18765;19347;19944;20557
com._gandiaye;13819;14249;14693;15152;15625;16113;16617;17137;17671;18222;18787;19367;19962
com._ndoffane;12898;13299;13714;14142;14584;15039;15510;15995;16494;17007;17535;18076;18631
com._sibassor;8140;8393;8655;8925;9204;9491;9788;10094;10409;10733;11066;11408;11758
arrondissement_ndiedieng;90743;93564;96483;99494;102603;105809;109117;112529;116040;119654;123365;127171;131080
cr.__keur_soce;26967;27805;28673;29568;30492;31444;32427;33441;34485;35559;36661;37793;38954
cr.__ndiaffate;34705;35784;36900;38052;39241;40467;41732;43037;44380;45762;47181;48637;50132
cr.__ndiedieng;29070;29974;30909;31873;32870;33896;34956;36049;37174;38332;39520;40740;41992
arrondissement_koumbal;72010;74249;76565;78954;81422;83965;86591;89298;92085;94953;97897;100918;104020
cr.__latmingue;28814;29710;30637;31593;32580;33598;34648;35732;36847;37994;39172;40381;41623
cr.__thiare;23626;24361;25120;25904;26714;27548;28410;29298;30212;31153;32119;33111;34128
cr.__keur_baka;19571;20179;20809;21458;22129;22820;23534;24270;25027;25806;26607;27428;28271
arrondissement_ngothie;43216;44560;45950;47383;48864;50391;51966;53591;55264;56985;58752;60565;62427
cr.__dya;14949;15414;15895;16391;16903;17431;17976;18538;19116;19712;20323;20950;21594
cr.__ndiebel;13529;13950;14385;14834;15297;15775;16268;16777;17301;17839;18393;18960;19543
cr.__thiomby;14737;15195;15669;16158;16663;17184;17721;18275;18845;19432;20035;20653;21288
departement_nioro;356927;368024;379505;391347;403578;416186;429198;442620;456430;470646;485240;500213;515590
com._nioro;20784;21430;22099;22788;23501;24235;24992;25774;26578;27406;28256;29128;30023
com._keur_madiabel;10542;10870;11209;11559;11920;12292;12677;13073;13481;13901;14332;14774;15228
arrondissement_medina_sabakh;89727;92517;95403;98380;101455;104624;107895;111269;114741;118314;121983;125747;129613
cr.__kayemor;22524;23224;23949;24696;25468;26264;27085;27932;28803;29700;30621;31566;32536
cr.__medina_sabakh;43362;44710;46105;47544;49030;50561;52142;53773;55450;57177;58950;60769;62637
cr.__ngayene;23842;24583;25350;26141;26958;27800;28670;29566;30489;31438;32413;33413;34440
arrondissement_paoskoto;141700;146105;150663;155365;160221;165226;170391;175720;181203;186846;192640;198585;204689
cr.__gainte_kaye;27586;28444;29331;30246;31192;32166;33172;34209;35276;36375;37503;38660;39849
cr.__paoskoto;16214;16718;17240;17778;18333;18906;19497;20107;20734;21380;22043;22723;23422
cr.__porokhane;33056;34084;35147;36244;37377;38544;39749;40992;42271;43588;44939;46326;47750
cr.__taiba_niassene;27539;28395;29281;30195;31138;32111;33115;34151;35216;36313;37439;38594;39781
cr._dabaly;10934;11274;11626;11988;12363;12749;13148;13559;13982;14418;14865;15323;15794
cr._darou_salam;26371;27191;28039;28914;29818;30749;31711;32702;33723;34773;35851;36957;38094
arrondissement_wack_ngouna;94174;97102;100131;103255;106483;109809;113242;116784;120428;124178;128029;131980;136037
cr.__keur_maba_diakhou;27372;28223;29103;30012;30950;31916;32914;33944;35003;36093;37212;38360;39540
cr.__ndrame_escale;20537;21175;21836;22517;23221;23947;24695;25468;26262;27080;27920;28781;29666
cr.__wack_ngouna;36911;38059;39246;40470;41735;43039;44385;45773;47201;48671;50180;51729;53319
cr.__k._mandongo;9354;9645;9946;10256;10577;10907;11248;11600;11962;12334;12717;13109;13512
departement_guinguineo;115184;118765;122470;126292;130239;134307;138506;142838;147295;151882;156592;161424;166386
com._guinguineo;16386;16895;17423;17966;18528;19106;19704;20320;20954;21607;22277;22964;23670
com._fass;3905;4026;4152;4282;4415;4553;4696;4843;4994;5149;5309;5473;5641
com._mboss;4347;4482;4622;4766;4915;5069;5227;5391;5559;5732;5910;6092;6279
arrondissement_mbadakhoune;38273;39463;40694;41964;43275;44627;46023;47462;48943;50467;52032;53637;55286
cr.__mbadakhoune;14323;14768;15229;15704;16195;16701;17223;17762;18316;18886;19472;20073;20690
cr.__ndiago;10572;10901;11241;11591;11954;12327;12713;13110;13519;13940;14373;14816;15272
cr.__ngathie_naoude;13378;13794;14224;14668;15127;15599;16087;16590;17107;17640;18187;18749;19325
arrondissement_nguelou;52273;53898;55580;57314;59105;60952;62857;64823;66846;68927;71065;73258;75510
cr._khelcom_birame;12557;12947;13351;13768;14198;14642;15100;15572;16058;16558;17071;17598;18139
cr.__gagnick;8552;8818;9093;9377;9670;9972;10284;10605;10936;11277;11626;11985;12354
cr.__nguelou;9244;9531;9829;10135;10452;10779;11116;11463;11821;12189;12567;12955;13353
cr.__ourour;10721;11054;11399;11755;12122;12501;12892;13295;13710;14137;14575;15025;15487
cr.__dara_mboss;4512;4652;4797;4947;5102;5261;5426;5595;5770;5950;6134;6323;6518
cr.__panal_ouolof;6686;6894;7109;7331;7560;7796;8040;8291;8550;8816;9090;9370;9658
region_kedougou;151357;156352;161532;166907;172482;178269;184275;190513;196991;203723;210719;217991;225544
zoneurbaine_kedougou;37528;40651;42322;44230;46225;48133;50307;52582;54960;57246;59844;62563;65182
zonerurale_kedougou;113829;115701;119211;122677;126257;130137;133967;137931;142031;146477;150875;155428;160362
departement_kedougou;78522;81113;83801;86589;89481;92484;95599;98836;102196;105689;109318;113091;117009
com_.kedougou;30051;31043;32071;33138;34245;35394;36587;37825;39111;40448;41837;43281;44780
arrondissement__bandafassi;37736;38981;40273;41613;43003;44446;45943;47498;49113;50792;52536;54349;56232
cr.__bandafassi;11042;11406;11784;12176;12583;13005;13443;13899;14371;14862;15373;15903;16454
cr.__tomboronkoto;13650;14100;14568;15052;15555;16077;16619;17181;17765;18373;19004;19659;20340
cr.__dindifelo;5277;5451;5632;5819;6014;6215;6425;6642;6868;7103;7347;7600;7863
cr.__ninefecha;7767;8023;8289;8565;8851;9148;9456;9776;10109;10454;10813;11186;11574
arrondissement__fongolimbi;10735;11089;11457;11838;12233;12644;13070;13512;13972;14449;14945;15461;15997
cr.__dimboli;5971;6168;6372;6584;6804;7033;7270;7516;7771;8037;8313;8600;8898
cr.__fongolembi;4764;4921;5084;5253;5429;5611;5800;5996;6200;6412;6632;6861;7099
departement_salemata;22111;22841;23597;24383;25197;26042;26920;27831;28777;29761;30783;31845;32949
com._salemata;4751;4908;5070;5239;5414;5596;5784;5980;6183;6395;6614;6843;7080
arrondissement__dakateli;8010;8274;8548;8833;9128;9434;9752;10082;10425;10781;11152;11536;11936
cr.__dakateli;3676;3797;3923;4054;4189;4330;4475;4627;4784;4948;5118;5294;5478
cr.__kevoye;4334;4477;4625;4779;4939;5105;5277;5455;5641;5833;6034;6242;6458
arrondissement__dar_salam;9349;9658;9977;10309;10654;11011;11382;11768;12168;12584;13016;13465;13931
cr.__dar_salam;3883;4011;4144;4282;4425;4573;4727;4888;5054;5226;5406;5592;5786
cr.__ethiolo;3331;3441;3555;3673;3796;3923;4055;4193;4335;4483;4637;4797;4964
cr.__oubadji;2135;2205;2279;2354;2433;2515;2599;2687;2779;2874;2972;3075;3181
departement_saraya;50724;52398;54134;55935;57804;59743;61756;63846;66017;68273;70618;73055;75586
com._saraya;2726;2816;2909;3006;3106;3211;3319;3431;3548;3669;3795;3926;4062
arrondissement__bembou;20428;21102;21801;22527;23279;24060;24871;25713;26587;27496;28440;29421;30441
cr.__medina_baffe;6782;7006;7238;7479;7729;7988;8257;8537;8827;9128;9442;9768;10106
cr.__bembou;13646;14096;14563;15048;15551;16072;16614;17176;17760;18367;18998;19654;20335
arrondissement__sabodala;27570;28480;29423;30402;31418;32472;33566;34702;35882;37109;38383;39708;41083
cr.__khossanto;2546;2630;2717;2808;2901;2999;3100;3205;3314;3427;3545;3667;3794
cr.__missirah_sirimana;12756;13177;13614;14067;14536;15024;15530;16056;16602;17169;17759;18372;19008
cr.__sabodala;12268;12673;13093;13528;13980;14449;14936;15442;15967;16512;17079;17669;18281
region_de_kolda;662455;682687;703774;725690;748451;772073;796582;821998;848348;875660;903966;933287;963635
pop.urbaine_de_kolda;169637;180912;190019;198839;208818;219268;230213;240846;252807;265325;278422;291185;305472
pop.rurale_de_kolda;492818;501775;513755;526850;539633;552805;566369;581153;595541;610335;625545;642102;658162
departement__kolda;245990;253503;261333;269471;277923;286695;295795;305233;315018;325160;335670;346558;357827
com._kolda;81099;83576;86157;88840;91627;94519;97519;100631;103856;107200;110665;114255;117970
com._dabo;6069;6254;6448;6648;6857;7073;7298;7531;7772;8022;8282;8550;8828
com._salikegne;3676;3788;3905;4027;4153;4284;4420;4561;4708;4859;5016;5179;5347
com._sare_yoba_diega;3552;3660;3774;3891;4013;4140;4271;4407;4549;4695;4847;5004;5167
arrondissement_dioulacolon;63347;65282;67298;69394;71570;73829;76173;78603;81123;83735;86441;89245;92147
cr.__dioulacolon;20751;21385;22045;22732;23445;24185;24952;25749;26574;27430;28316;29235;30185
cr.__medina__el_hadji;11785;12145;12520;12910;13315;13735;14171;14623;15092;15578;16081;16603;17143
cr.__tankanto_escale;15256;15722;16208;16712;17236;17780;18345;18930;19537;20166;20818;21493;22192
cr.__guiro_yero_bocar;15555;16030;16525;17040;17574;18129;18704;19301;19920;20561;21226;21914;22627
arrondissement_mampatim;67122;69172;71309;73529;75835;78229;80712;83287;85957;88725;91593;94564;97638
cr.__bagadadji;15365;15834;16323;16832;17360;17907;18476;19065;19677;20310;20967;21647;22351
cr.__coumbacara;10132;10441;10764;11099;11447;11809;12183;12572;12975;13393;13826;14274;14738
cr.__mampatim;15400;15870;16361;16870;17399;17948;18518;19109;19721;20356;21014;21696;22401
cr.__dialambere;13302;13708;14132;14572;15029;15503;15995;16506;17035;17583;18152;18740;19350
cr.__medina_cherif;12923;13318;13729;14157;14601;15061;15540;16035;16549;17082;17634;18206;18798
arrondissement_sare_bidji;21125;21770;22443;23141;23867;24621;25402;26213;27053;27924;28827;29762;30729
cr.__sare_bidji;16753;17265;17798;18352;18928;19525;20145;20788;21454;22145;22861;23602;24370
cr.__thietty;4372;4506;4645;4789;4940;5095;5257;5425;5599;5779;5966;6159;6360
departement_velingara;278382;286884;295745;304955;314520;324447;334746;345426;356499;367977;379872;392193;404946
com._velingara;32161;33143;34167;35231;36336;37483;38673;39907;41186;42512;43886;45309;46783
com._diaoube__kabendou;26165;26964;27797;28663;29562;30495;31463;32466;33507;34586;35704;36862;38061
com._kounkane;10798;11128;11471;11829;12200;12585;12984;13399;13828;14273;14735;15213;15707
arrondissement_bonconto;102065;105182;108431;111808;115314;118954;122730;126646;130706;134914;139275;143792;148468
cr.__bonconto;10233;10546;10871;11210;11561;11926;12305;12697;13105;13526;13964;14417;14885
cr.__linkering;17059;17580;18123;18687;19273;19882;20513;21167;21846;22549;23278;24033;24815
cr.__medina_gounass;48219;49692;51227;52822;54479;56198;57982;59832;61750;63738;65798;67932;70141
cr.__sinthiang__koundara;26554;27365;28210;29089;30001;30948;31930;32949;34005;35100;36235;37410;38627
arrondissement_pakour;43871;45211;46607;48059;49566;51130;52754;54437;56182;57990;59865;61807;63817
cr.__ouassadou;16529;17034;17560;18107;18675;19264;19876;20510;21167;21849;22555;23287;24044
cr.__paroumba;14838;15291;15763;16254;16764;17293;17842;18412;19002;19613;20247;20904;21584
cr.__pakour;12504;12886;13284;13698;14127;14573;15036;15515;16013;16528;17063;17616;18189
arrondissement_sare_coly_sall;63322;65256;67272;69366;71542;73800;76143;78572;81091;83702;86407;89210;92111
cr.__kandia;21075;21719;22390;23087;23811;24562;25342;26151;26989;27858;28758;29691;30657
cr.__sare_coly_salle;19000;19580;20185;20814;21466;22144;22847;23576;24332;25115;25927;26768;27638
cr.__nemataba;10554;10876;11212;11561;11924;12300;12691;13096;13516;13951;14402;14869;15352
cr.__kandiaye;12693;13081;13485;13905;14341;14793;15263;15750;16255;16778;17320;17882;18464
departement_medina_yoro_foulah;138084;142301;146697;151265;156009;160933;166042;171340;176832;182525;188425;194537;200863
com._medina_yoro_foulah;3000;3092;3187;3286;3389;3496;3607;3723;3842;3966;4094;4226;4364
com._pata;3118;3213;3312;3416;3523;3634;3749;3869;3993;4121;4255;4393;4536
arrondissement_fafacourou;19652;20252;20878;21528;22203;22904;23631;24385;25167;25977;26817;27686;28587
cr.__fafacourou;7068;7284;7509;7743;7986;8238;8499;8770;9051;9343;9645;9958;10281
cr.__badion;12584;12968;13369;13785;14218;14666;15132;15615;16115;16634;17172;17729;18305
arrondissement_ndorna;51106;52667;54294;55984;57740;59563;61453;63414;65447;67554;69738;72000;74341
cr.__ndorna;12231;12605;12994;13399;13819;14255;14707;15177;15663;16167;16690;17231;17792
cr.__bignarabe;6774;6981;7197;7421;7653;7895;8146;8405;8675;8954;9244;9543;9854
cr.__bourouco;25242;26013;26816;27651;28519;29419;30353;31321;32325;33366;34444;35562;36718
cr.__koulinto;6859;7068;7287;7514;7749;7994;8248;8511;8784;9067;9360;9663;9977
arrondissement_niaming;61208;63077;65026;67051;69154;71336;73601;75949;78384;80907;83523;86232;89036
cr.__dinguiraye;14665;15113;15580;16065;16569;17092;17634;18197;18780;19385;20011;20661;21332
cr.__kerewane;32803;33805;34849;35934;37061;38231;39445;40703;42008;43360;44762;46214;47717
cr.__niaming;13740;14160;14597;15052;15524;16014;16522;17049;17596;18162;18749;19357;19987
region_de_louga;874193;898732;924050;950102;976885;1004401;1032645;1061607;1091268;1121619;1152650;1184351;1216707
zoneurbaine_de_louga;189682;200417;208836;217573;225660;235030;244737;254785;265178;275918;285858;297272;309043
zonerurale_de_louga;684511;698314;715215;732528;751225;769371;787908;806821;826090;845700;866793;887079;907663
departement_kebemer;259083;266356;273859;281580;289518;297673;306043;314627;323417;332412;341609;351004;360593
com._kebemer;19902;20461;21037;21630;22240;22866;23509;24169;24844;25535;26241;26963;27700
com._gueoul;8003;8228;8459;8698;8943;9195;9454;9719;9990;10268;10552;10842;11139
arrondissement__darou_mousty;82874;85200;87600;90070;92609;95218;97895;100641;103453;106330;109272;112277;115345
cr.__darou_marnane;11883;12217;12561;12915;13279;13653;14037;14431;14834;15246;15668;16099;16539
cr.__darou_mousty;38183;39255;40361;41499;42668;43870;45104;46369;47664;48990;50345;51730;53143
cr.__mbadiane;8907;9157;9415;9680;9953;10234;10521;10817;11119;11428;11744;12067;12397
cr.__ndoyene;5741;5902;6068;6240;6415;6596;6782;6972;7167;7366;7570;7778;7990
cr.__sam_yabal;5663;5822;5986;6155;6328;6506;6689;6877;7069;7266;7467;7672;7882
cr.__touba_merina;7065;7263;7468;7678;7895;8117;8346;8580;8819;9065;9315;9572;9833
cr.__mbacke_cadior;5434;5587;5744;5906;6072;6243;6419;6599;6783;6972;7165;7362;7563
arrondissement_ndande;81923;84223;86595;89037;91547;94125;96772;99486;102266;105110;108018;110989;114021
cr.__badegne_ouolof;15859;16304;16763;17236;17722;18221;18734;19259;19797;20348;20911;21486;22073
cr.__diokoul_diawrigne;15854;16299;16758;17231;17716;18215;18728;19253;19791;20341;20904;21479;22066
cr.__kab_gaye;11272;11588;11915;12251;12596;12951;13315;13689;14071;14462;14862;15271;15688
cr.__ndande;23983;24656;25351;26066;26800;27555;28330;29125;29938;30771;31622;32492;33380
cr.__thieppe;14956;15376;15809;16255;16713;17184;17667;18162;18670;19189;19720;20262;20816
arrondissement_sagatta_gueth;66380;68243;70166;72144;74178;76267;78412;80611;82863;85168;87524;89931;92388
cr.__kanene_ndiob;9318;9580;9849;10127;10413;10706;11007;11316;11632;11955;12286;12624;12969
cr.__loro;8236;8467;8706;8951;9203;9463;9729;10002;10281;10567;10859;11158;11463
cr.__sagatta_gueth;14986;15407;15841;16287;16746;17218;17702;18199;18707;19228;19759;20303;20858
cr.__thiolom_fall;24199;24878;25579;26300;27042;27803;28585;29387;30208;31048;31907;32785;33680
cr.__ngourane_ouolof;9642;9913;10192;10479;10775;11078;11390;11709;12036;12371;12713;13063;13420
departement_linguere;241898;248688;255694;262903;270314;277928;285743;293757;301965;310363;318950;327722;336675
com._linguere;15482;15917;16365;16826;17301;17788;18288;18801;19326;19864;20413;20975;21548
com._dahra;32941;33866;34820;35801;36811;37847;38912;40003;41121;42264;43434;44628;45847
com._mbeuleukhe;1510;1552;1596;1641;1687;1735;1784;1834;1885;1937;1991;2046;2102
arrondissement_barkedji;57599;59216;60884;62601;64365;66178;68039;69947;71902;73901;75946;78035;80167
cr.__barkedji;18125;18634;19159;19699;20254;20825;21410;22011;22626;23255;23898;24556;25226
cr.__gassane;16150;16603;17071;17552;18047;18555;19077;19612;20160;20721;21294;21880;22478
cr.__thiargny;9298;9559;9828;10105;10390;10683;10983;11291;11607;11930;12260;12597;12941
cr.__thiel;14026;14420;14826;15244;15674;16115;16568;17033;17509;17996;18494;19002;19521
arrondissement_dodji;37004;38043;39114;40217;41351;42516;43711;44937;46193;47477;48791;50133;51502
cr.__dodji;13578;13959;14352;14757;15173;15600;16039;16489;16950;17421;17903;18395;18898
cr.__labgar;6875;7068;7267;7472;7683;7899;8121;8349;8582;8821;9065;9314;9569
cr.__ouarkhoh;16551;17016;17495;17988;18495;19016;19551;20099;20661;21235;21823;22423;23036
arrondissement_yang_yang;32659;33576;34522;35495;36495;37523;38579;39661;40769;41903;43062;44246;45455
cr.__kamb;10910;11216;11532;11857;12192;12535;12887;13249;13619;13998;14385;14781;15185
cr.__mboula;7862;8083;8310;8545;8786;9033;9287;9547;9814;10087;10366;10651;10942
cr.__tessekre_forage;8999;9252;9512;9780;10056;10339;10630;10928;11234;11546;11865;12192;12525
cr._yang_yang;4888;5025;5167;5312;5462;5616;5774;5936;6102;6271;6445;6622;6803
arrondissement_sagatta_djolo;64704;66520;68394;70322;72305;74341;76432;78576;80771;83017;85314;87661;90055
cr.__boulal;12371;12718;13077;13445;13824;14214;14613;15023;15443;15872;16312;16760;17218
cr.__deali;17521;18013;18520;19042;19579;20131;20697;21277;21872;22480;23102;23737;24386
cr.__sagatta_djolof;10537;10833;11138;11452;11775;12106;12447;12796;13153;13519;13893;14275;14665
cr.__thiamene_djolof;18589;19111;19649;20203;20773;21358;21958;22574;23205;23850;24510;25184;25872
cr.__affe_djoloff;5686;5846;6010;6180;6354;6533;6717;6905;7098;7295;7497;7703;7914
departement_louga;373212;383688;394497;405619;417053;428801;440859;453223;465886;478844;492091;505625;519439
com._louga;104349;107278;110300;113410;116607;119891;123263;126720;130260;133883;137587;141371;145234
com._ndiagne;7496;7706;7924;8147;8377;8613;8855;9103;9357;9618;9884;10156;10433
arrondissement_coki;55950;57521;59141;60808;62522;64284;66091;67945;69843;71786;73772;75801;77872
cr.__coki;25298;26008;26741;27495;28270;29066;29883;30722;31580;32458;33356;34274;35210
cr.__pete_ouarack;4837;4973;5113;5257;5405;5557;5714;5874;6038;6206;6378;6553;6732
cr.__thiamene_cayor;17179;17661;18159;18671;19197;19738;20293;20862;21445;22041;22651;23274;23910
cr.__guet_ardo;8635;8877;9127;9385;9649;9921;10200;10486;10779;11079;11386;11699;12018
arrondissement_k_eur_momar_sa;75652;77776;79967;82221;84539;86920;89364;91871;94438;97064;99749;102493;105293
cr.__gande;16513;16977;17455;17947;18453;18973;19506;20053;20613;21187;21773;22372;22983
cr.__k.momar_sarr;27517;28289;29086;29906;30749;31616;32505;33416;34350;35305;36282;37280;38298
cr.__nguer_malal;24518;25206;25916;26647;27398;28170;28962;29774;30606;31457;32328;33217;34124
cr.__syer;7104;7303;7509;7721;7939;8162;8392;8627;8868;9115;9367;9624;9887
arrondissement_mbediene;58066;59696;61378;63108;64887;66715;68591;70514;72485;74501;76562;78667;80817
cr.__kelle_gueye;10091;10374;10667;10967;11276;11594;11920;12254;12597;12947;13305;13671;14045
cr.__mbediene;12442;12791;13152;13522;13904;14295;14697;15109;15532;15964;16405;16856;17317
cr.__nguidile;19710;20263;20834;21421;22025;22646;23283;23936;24604;25289;25988;26703;27432
cr.__niomre;15822;16266;16724;17196;17681;18179;18690;19214;19751;20300;20862;21436;22021
ar.rondissement_sakal;71699;73712;75788;77925;80122;82378;84695;87070;89503;91992;94537;97137;99791
cr.__leona;32788;33708;34658;35635;36640;37672;38731;39817;40930;42068;43232;44421;45635
cr.__ngueune_sarr;13874;14263;14665;15079;15504;15940;16389;16848;17319;17801;18293;18796;19310
cr.__sakal;25037;25740;26465;27211;27978;28766;29575;30405;31254;32123;33012;33920;34847
region_matam;562539;584524;607229;630703;654981;680086;706037;732866;760588;789219;818776;849273;880721
zoneurbaine_matam;119784;133856;143306;153892;165055;176142;188512;200805;214486;228873;243177;259029;275666
zonerurale_matam;442755;450668;463922;476811;489926;503944;517525;532061;546103;560346;575600;590245;605055
departement_matam;272621;283276;294279;305655;317421;329587;342164;355166;368601;382476;396800;411580;426820
com_.matam;17218;17891;18586;19304;20047;20816;21610;22431;23280;24156;25061;25994;26957
com._ourossogui;15654;16266;16898;17551;18226;18925;19647;20394;21165;21962;22784;23633;24508
com._thilogne;10441;10849;11270;11706;12157;12623;13104;13602;14117;14648;15197;15763;16347
com._nguidilogne;10444;10852;11274;11710;12160;12626;13108;13606;14121;14653;15201;15767;16351
arrondissement_agnam_civol;68618;71300;74069;76933;79894;82956;86122;89394;92776;96268;99874;103594;107430
cr.__agnam_civol;26321;27350;28412;29510;30646;31821;33035;34291;35588;36927;38310;39737;41209
cr.__orefonde;19175;19924;20698;21498;22326;23182;24066;24981;25926;26902;27909;28949;30021
cr.__dabia;23121;24025;24958;25923;26920;27952;29019;30122;31261;32438;33653;34906;36199
arrondissement_ogo;150245;156117;162181;168450;174935;181640;188571;195737;203141;210788;218682;226827;235226
cr.__bokidiawe;52282;54325;56435;58617;60873;63207;65619;68112;70689;73349;76096;78931;81854
cr.__nabadji_civol;52372;54419;56533;58718;60978;63316;65732;68229;70810;73476;76227;79067;81995
cr.__ogo;45592;47374;49214;51116;53084;55119;57222;59396;61643;63964;66359;68831;71380
departement_kanel;238605;247930;257561;267517;277815;288463;299471;310850;322609;334753;347290;360225;373564
com._kanel;12975;13482;14006;14547;15107;15686;16285;16904;17543;18203;18885;19589;20314
com._semme;6891;7160;7438;7726;8023;8331;8649;8977;9317;9668;10030;10403;10789
com._waounde;7815;8120;8436;8762;9099;9448;9809;10181;10566;10964;11375;11798;12235
com._dembancane;5293;5500;5713;5934;6163;6399;6643;6896;7156;7426;7704;7991;8287
com._hamady_ounare;10175;10573;10983;11408;11847;12301;12771;13256;13757;14275;14810;15361;15930
com._sinthiou_bamanbe_banadji;13822;14362;14920;15497;16093;16710;17348;18007;18688;19392;20118;20867;21640
com._odobere;6028;6264;6507;6758;7019;7288;7566;7853;8150;8457;8774;9101;9438
arrondissement_orkadiere;106117;110264;114547;118975;123555;128291;133186;138247;143477;148878;154453;160206;166139
cr.__bokiladji;30447;31637;32866;34136;35450;36809;38214;39666;41166;42716;44316;45966;47668
cr.__orkadiere;40533;42117;43753;45444;47194;49003;50873;52806;54803;56866;58996;61193;63459
cr.__aoure;35136;36509;37927;39394;40910;42478;44099;45775;47506;49294;51140;53045;55010
arrondissement_ouro_sidy;69488;72204;75008;77908;80907;84008;87214;90528;93952;97489;101140;104907;108792
cr.__ndendory;32182;33440;34739;36082;37470;38907;40391;41926;43512;45150;46841;48586;50385
cr.__ouro_sidy;37307;38765;40271;41828;43438;45103;46824;48603;50441;52340;54300;56323;58408
departement_ranerou;51313;53318;55389;57531;59745;62035;64402;66850;69378;71990;74686;77468;80337
com._ranerou;3026;3144;3266;3393;3523;3658;3798;3942;4091;4245;4404;4568;4738
arrondissement_velingara;48286;50173;52122;54137;56221;58376;60603;62906;65286;67743;70280;72898;75597
cr.__lougre_thioly;3300;3429;3562;3700;3842;3990;4142;4299;4462;4630;4803;4982;5167
cr.__velingara;18081;18788;19517;20272;21052;21859;22693;23556;24447;25367;26317;27297;28308
cr.__oudalaye;26905;27956;29042;30165;31326;32527;33768;35051;36377;37747;39160;40619;42123
region_saint_louis;908942;932876;957602;983032;1009170;1036009;1063542;1091740;1120585;1150062;1180146;1210806;1242015
urbain_saint_louis;412037;431922;449116;466941;485411;504536;524327;544779;565896;587682;610135;633251;657025
rural_saint_louis;496905;500954;508486;516092;523759;531473;539216;546962;554690;562380;570010;577555;584989
departement_dagana;241695;248059;254634;261396;268346;275483;282804;290302;297973;305811;313810;321963;330262
com._dagana;21750;22323;22914;23523;24148;24791;25449;26124;26814;27520;28240;28973;29720
com._richard_toll;57878;59402;60976;62596;64260;65969;67722;69518;71355;73232;75147;77100;79087
com._rosso_senegal;15870;16288;16720;17164;17620;18089;18569;19062;19565;20080;20605;21141;21685
com._ross_bethio_;11588;11893;12208;12533;12866;13208;13559;13918;14286;14662;15046;15436;15834
com._gae;7148;7336;7531;7731;7936;8147;8364;8586;8812;9044;9281;9522;9767
com._ndombo_sandjiry;4559;4679;4803;4931;5062;5196;5334;5476;5621;5768;5919;6073;6230
arrondissement_mbane;45446;46643;47879;49150;50457;51799;53176;54586;56028;57502;59006;60539;62099
cr.__mbane;28640;29394;30173;30975;31798;32644;33511;34400;35309;36237;37185;38151;39135
cr.__bokhol;16806;17249;17706;18176;18659;19155;19664;20186;20719;21264;21820;22387;22964
arrondissement_ndiaye;77456;79496;81603;83770;85997;88284;90630;93033;95491;98003;100567;103180;105839
cr.__diama;34828;35745;36693;37667;38668;39697;40752;41832;42938;44067;45220;46395;47590
cr.__ngnith;21035;21589;22161;22750;23355;23976;24613;25265;25933;26615;27311;28021;28743
cr.__ronkh;21593;22162;22749;23353;23974;24612;25266;25936;26621;27321;28036;28764;29506
departement_podor;370751;380514;390599;400972;411633;422581;433811;445313;457079;469102;481373;493879;506609
com._podor;11608;11914;12229;12554;12888;13231;13582;13942;14311;14687;15072;15463;15862
com._ndioum;14341;14719;15109;15510;15922;16346;16780;17225;17680;18145;18620;19104;19596
com._gollere;6373;6541;6714;6892;7076;7264;7457;7655;7857;8064;8275;8490;8708
com._ndiandane;4839;4966;5098;5233;5373;5515;5662;5812;5966;6123;6283;6446;6612
com._bode_lao;2466;2531;2598;2667;2738;2811;2885;2962;3040;3120;3202;3285;3370
com._demette;3042;3122;3205;3290;3377;3467;3559;3654;3750;3849;3950;4052;4157
com._galoya_toucouleur;5289;5428;5572;5720;5872;6028;6189;6353;6521;6692;6867;7046;7227
com._guede_chantier;5600;5747;5900;6056;6218;6383;6552;6726;6904;7086;7271;7460;7652
com._mboumba;4896;5025;5158;5295;5436;5580;5729;5881;6036;6195;6357;6522;6690
com._aere_lao;9472;9721;9979;10244;10516;10796;11083;11377;11678;11985;12298;12618;12943
com._pete;4211;4322;4436;4554;4675;4800;4927;5058;5192;5328;5467;5609;5754
com._walalde;3224;3309;3397;3487;3580;3675;3772;3872;3975;4079;4186;4295;4405
arrondissemnt_cas_cas;79557;81652;83816;86042;88330;90679;93089;95557;98081;100662;103295;105978;108710
cr.__medina_ndiathbe;33243;34118;35023;35953;36909;37890;38897;39929;40983;42062;43162;44283;45425
cr.__dounga_lao;28995;29758;30547;31358;32192;33048;33927;34826;35746;36687;37646;38624;39620
cr.__mery;17319;17775;18246;18731;19229;19740;20265;20802;21352;21913;22487;23071;23665
arrondissement_salde;48878;50165;51495;52862;54268;55711;57192;58708;60259;61844;63462;65111;66789
cr.__boke_dialloube;24161;24797;25454;26130;26825;27539;28270;29020;29787;30570;31370;32185;33015
cr.__mbolo_birane;24717;25368;26040;26732;27443;28172;28921;29688;30472;31274;32092;32926;33774
arrondissement_thille_boubac;63950;65634;67374;69163;71002;72890;74827;76811;78840;80914;83031;85188;87384
cr.__fanaye;33258;34134;35038;35969;36925;37907;38915;39947;41002;42081;43181;44303;45445
cr.__ndiayene_pendao;30692;31500;32335;33194;34076;34983;35912;36864;37838;38834;39850;40885;41939
arrondissement_gamadji_sare;103006;105718;108520;111402;114364;117406;120526;123722;126990;130331;133740;137215;140752
cr.__dodel;38528;39543;40591;41669;42776;43914;45081;46276;47499;48749;50024;51323;52646
cr.__gamadji_sare;20387;20924;21478;22049;22635;23237;23855;24487;25134;25795;26470;27158;27858
cr.__guede_village;44091;45252;46451;47685;48953;50255;51590;52958;54357;55787;57247;58734;60248
departement_saint_louis;296496;304303;312369;320664;329190;337945;346926;356125;365534;375149;384962;394964;405144
com._saint_louis;209752;215275;220981;226849;232881;239075;245428;251935;258592;265394;272336;279412;286614
com._m.pal;8132;8346;8567;8795;9029;9269;9515;9767;10025;10289;10558;10833;11112
arrondissement_rao;78612;80682;82820;85020;87280;89602;91983;94422;96916;99466;102068;104719;107419
cr.__gandon;40763;41836;42945;44086;45258;46462;47696;48961;50254;51576;52926;54301;55700
cr.__fass_ngom;16667;17106;17559;18026;18505;18997;19502;20019;20548;21088;21640;22202;22774
cr.__n.diebene_gandiole;21182;21740;22316;22909;23518;24143;24785;25442;26114;26801;27502;28217;28944
region_sedhiou;452994;468098;483768;500064;517016;534655;553005;572099;591970;612649;634171;656562;679842
zoneurbaine_sedhiou;87014;95960;101591;107013;113226;119762;126638;133299;140889;148873;157275;165454;174720
zonerurale_sedhiou;365980;372138;382177;393051;403790;414892;426366;438800;451082;463776;476897;491109;505122
departement_sedhiou;151331;156377;161612;167056;172719;178611;184742;191120;197758;204667;211857;219337;227114
com._sedhiou;24214;25021;25859;26730;27636;28579;29560;30581;31643;32748;33898;35095;36340
com._marsassoum;7029;7263;7507;7759;8022;8296;8581;8877;9185;9506;9840;10188;10549
com._dianah_malary;3066;3168;3274;3385;3499;3619;3743;3872;4007;4147;4292;4444;4601
arrondissement_diende;51303;53014;54788;56634;58554;60551;62630;64792;67042;69384;71822;74358;76994
cr.__diende;12479;12895;13327;13776;14243;14729;15234;15760;16307;16877;17470;18087;18728
cr.__sakar;9028;9329;9641;9966;10304;10655;11021;11402;11798;12210;12639;13085;13549
cr.__diannah_ba;7206;7446;7696;7955;8224;8505;8797;9101;9417;9746;10088;10444;10815
cr.__koussy;8383;8663;8952;9254;9568;9894;10234;10587;10955;11338;11736;12150;12581
cr.__oudoucar;10354;10699;11057;11430;11817;12221;12640;13076;13531;14003;14495;15007;15539
cr.__sama_kanta_peulh;3851;3979;4113;4251;4395;4545;4701;4864;5032;5208;5391;5582;5779
arrondissement_djibabouya;30376;31389;32440;33532;34669;35852;37082;38363;39695;41082;42525;44026;45588
cr.__benet__bijini;10847;11209;11584;11974;12380;12802;13242;13699;14175;14670;15185;15721;16279
cr.__sansamba;13787;14247;14724;15220;15736;16272;16831;17412;18017;18646;19301;19983;20691
cr.__djibabouya;5742;5933;6132;6339;6554;6777;7010;7252;7504;7766;8039;8322;8617
arrondissement_djiredji;35343;36521;37744;39015;40338;41714;43146;44636;46186;47799;49479;51226;53042
cr.__bambali;17330;17908;18507;19131;19779;20454;21156;21887;22647;23438;24261;25118;26008
cr.__djiredji;18012;18613;19236;19884;20558;21259;21989;22748;23538;24360;25216;26106;27032
departement_bounkiling;145568;150422;155457;160694;166141;171809;177706;183842;190227;196873;203789;210984;218465
com._bounkiling;6416;6630;6852;7083;7323;7573;7833;8103;8384;8677;8982;9299;9629
com._madina_wandifa;12205;12612;13034;13473;13930;14405;14900;15414;15949;16507;17086;17690;18317
com._n.diamacouta;7179;7418;7667;7925;8194;8473;8764;9067;9381;9709;10050;10405;10774
arrondissement_boghal;51602;53323;55108;56964;58895;60904;62995;65170;67433;69789;72240;74791;77443
cr.__n.diamalathiel;14688;15178;15686;16214;16764;17336;17931;18550;19194;19865;20563;21289;22043
cr.__boghal;12551;12969;13404;13855;14325;14814;15322;15851;16402;16975;17571;18191;18836
cr.__tankon;20700;21390;22106;22851;23626;24432;25270;26143;27051;27996;28979;30002;31066
cr.__djinany;3663;3785;3912;4044;4181;4323;4472;4626;4787;4954;5128;5309;5497
arrondissement_bona;26506;27390;28307;29260;30252;31284;32358;33475;34638;35848;37107;38417;39780
cr.__bona;8833;9128;9433;9751;10081;10425;10783;11155;11543;11946;12366;12802;13256
cr.__diacounda;7405;7652;7908;8174;8452;8740;9040;9352;9677;10015;10367;10733;11113
cr.__inor;8633;8921;9219;9530;9853;10189;10539;10903;11282;11676;12086;12513;12956
cr.__kandion_mangana;1635;1690;1746;1805;1866;1930;1996;2065;2137;2211;2289;2370;2454
arrondissement_diaroume;41660;43049;44490;45989;47548;49170;50858;52614;54441;56343;58322;60381;62522
cr.__diaroume;17926;18524;19144;19789;20459;21158;21884;22639;23426;24244;25096;25982;26903
cr.__diambaty;10274;10617;10972;11342;11726;12126;12542;12975;13426;13895;14383;14891;15419
cr.__faoune;13460;13909;14374;14859;15362;15886;16432;16999;17589;18204;18843;19509;20200
departement_goudomp;156095;161300;166699;172315;178156;184234;190557;197137;203984;211110;218526;226242;234263
com._goudomp;12869;13298;13743;14206;14688;15189;15710;16253;16817;17405;18016;18652;19313
com._diattacounda;4356;4501;4652;4809;4972;5141;5318;5501;5692;5891;6098;6314;6537
com._samine;4848;5010;5177;5352;5533;5722;5918;6123;6335;6557;6787;7027;7276
com._tanaff;4831;4992;5159;5333;5514;5702;5898;6101;6313;6534;6763;7002;7250
arrondissement_djibanar;61634;63689;65821;68038;70345;72745;75241;77839;80543;83357;86285;89331;92499
cr.__djibanar;10548;10900;11265;11644;12039;12449;12877;13321;13784;14266;14767;15288;15830
cr.__kaour;4785;4945;5110;5282;5461;5648;5841;6043;6253;6471;6699;6935;7181
cr.__mangaroungou_santo;12485;12901;13333;13782;14250;14736;15241;15768;16315;16885;17478;18096;18737
cr.__simbadi_balante;21512;22229;22973;23747;24552;25390;26261;27168;28112;29094;30116;31179;32285
cr.__yarang_balante;12305;12715;13141;13584;14044;14523;15022;15540;16080;16642;17226;17835;18467
arrondissement_karantaba;23823;24617;25441;26298;27190;28118;29083;30087;31132;32219;33351;34529;35753
cr.__karantaba;14251;14726;15219;15732;16265;16820;17397;17998;18623;19274;19951;20655;21388
cr.__kolibantang;9572;9891;10222;10567;10925;11298;11685;12089;12509;12946;13400;13873;14365
arrondissement_simbandi_brass;43734;45192;46705;48278;49915;51618;53389;55233;57151;59148;61226;63387;65635
cr.__niagha;12324;12735;13161;13605;14066;14546;15045;15564;16105;16668;17253;17862;18496
cr.__simbandi_brassou;15106;15610;16132;16676;17241;17829;18441;19078;19740;20430;21148;21894;22671
cr.__baghere;10797;11157;11530;11919;12323;12743;13181;13636;14109;14602;15115;15649;16204
cr.__diouboudou;5507;5691;5881;6079;6285;6500;6723;6955;7197;7448;7710;7982;8265
region__tambacounda;681310;705396;730473;756588;783777;812075;841518;872156;904032;937182;971660;1007511;1044781
zoneurbaine_tambacounda;161439;170706;178235;186877;195944;205455;214587;225016;235952;246479;258462;271020;283136
zonerurale_tambacounda;519871;534690;552238;569710;587833;606620;626930;647139;668080;690704;713198;736490;761646
departement___bakel;138867;143776;148888;154210;159752;165520;171521;177766;184263;191020;198047;205354;212951
com._bakel;13329;13800;14291;14802;15334;15887;16463;17063;17686;18335;19009;19711;20440
com._diawara;7540;7807;8084;8373;8674;8987;9313;9652;10005;10372;10753;11150;11563
com_.kidira;10065;10421;10791;11177;11579;11997;12432;12884;13355;13845;14354;14884;15435
arrondissement_keniaba;18686;19347;20034;20751;21496;22272;23080;23920;24795;25704;26649;27633;28655
cr.__gathiary;3039;3146;3258;3375;3496;3622;3754;3890;4032;4180;4334;4494;4660
cr.__madina_foulbe;2323;2405;2491;2580;2672;2769;2869;2974;3082;3195;3313;3435;3562
cr.__sadatou;9842;10190;10552;10929;11322;11731;12156;12599;13059;13538;14036;14554;15093
cr.__toumboura;3483;3606;3734;3868;4007;4151;4302;4459;4622;4791;4967;5151;5341
arrondissement_bele_ex_kidira;25311;26206;27137;28108;29118;30169;31263;32401;33585;34817;36098;37430;38814
cr.__bele;16986;17586;18212;18863;19541;20246;20980;21744;22539;23365;24225;25119;26048
cr.__sinthiou_fissa;8326;8620;8927;9246;9578;9924;10284;10658;11048;11453;11874;12312;12768
arrondissement_moudery;63936;66196;68550;71000;73552;76207;78970;81846;84837;87948;91183;94548;98045
cr.__ballou;21345;22100;22885;23703;24555;25442;26364;27324;28323;29361;30441;31565;32732
cr.__gabou;19002;19674;20373;21102;21860;22649;23470;24325;25214;26138;27100;28100;29139
cr.__moudery;23589;24423;25291;26195;27137;28116;29136;30197;31300;32448;33642;34883;36173
departement_tambacounda;299163;309739;320750;332218;344156;356582;369510;382963;396960;411516;426656;442398;458763
com._tambacounda;107293;111086;115035;119148;123430;127886;132523;137348;142367;147588;153017;158663;164533
arrondissemnt_koussanar;46363;48002;49709;51486;53336;55262;57265;59350;61519;63775;66121;68561;71097
cr.__koussanar;26362;27294;28264;29275;30327;31422;32561;33746;34980;36262;37597;38984;40426
cr.__sinthiou_malem;20002;20709;21445;22212;23010;23841;24705;25605;26541;27514;28526;29579;30673
arrondissement_makacouliban;68700;71129;73657;76291;79032;81886;84855;87944;91158;94501;97977;101593;105351
cr.__makacoulibatang;37572;38900;40283;41723;43223;44783;46407;48097;49854;51682;53584;55561;57616
cr.__n.doga_babacar;20153;20865;21607;22380;23184;24021;24892;25798;26741;27722;28741;29802;30904
cr.__niani_toucouleur;10974;11362;11766;12187;12624;13080;13555;14048;14561;15095;15651;16228;16829
arrondissement_missirah;76807;79522;82349;85293;88359;91549;94868;98322;101915;105653;109539;113581;117783
cr.__dialacoto;16450;17032;17637;18268;18924;19607;20318;21058;21828;22628;23460;24326;25226
cr.__missirah;41659;43132;44665;46262;47924;49655;51455;53328;55277;57304;59413;61605;63884
cr.__nette_boulou;18696;19357;20045;20762;21508;22284;23092;23933;24808;25717;26664;27647;28670
departement_goudiry;114847;118907;123134;127536;132120;136890;141853;147018;152391;157979;163791;169834;176117
com._goudiry;6867;7110;7363;7626;7900;8185;8482;8791;9112;9446;9793;10155;10530
com._kothiary;4244;4394;4550;4713;4882;5059;5242;5433;5631;5838;6053;6276;6508
arrondissement_bala;19887;20590;21322;22084;22878;23704;24563;25458;26388;27356;28362;29409;30496
cr.__bala;6151;6368;6595;6831;7076;7332;7597;7874;8162;8461;8772;9096;9432
cr.__goumbayel;5224;5409;5601;5801;6010;6227;6452;6687;6932;7186;7450;7725;8011
cr.__koar;8512;8813;9126;9452;9792;10146;10514;10896;11295;11709;12140;12587;13053
ar.rondissement_boynguel_bam;40221;41643;43123;44665;46270;47941;49679;51488;53369;55326;57362;59478;61678
cr.__dougue;7252;7508;7775;8053;8343;8644;8957;9283;9623;9976;10343;10724;11121
cr.__boynguel_bamba;11584;11994;12420;12864;13326;13807;14308;14829;15371;15934;16521;17130;17764
cr.__koussan;7698;7970;8253;8549;8856;9175;9508;9854;10214;10589;10979;11384;11805
cr.__sinthiou_mamadou_boubou;13687;14171;14675;15199;15745;16314;16905;17521;18161;18827;19520;20240;20989
arrondissement_dianke_makha;26638;27580;28560;29581;30644;31751;32902;34100;35346;36642;37990;39392;40849
cr.__bani___israel;5377;5567;5765;5971;6186;6409;6641;6883;7135;7396;7668;7951;8246
cr.__boutoucoufara;5735;5938;6149;6369;6598;6836;7084;7341;7610;7889;8179;8481;8795
cr.__dianke_makha;7109;7360;7622;7894;8178;8473;8781;9100;9433;9779;10139;10513;10902
cr.__komoti;8417;8715;9024;9347;9683;10032;10396;10775;11169;11578;12004;12447;12907
arrondissement_koulor;16990;17591;18216;18867;19545;20251;20985;21749;22544;23371;24231;25125;26054
cr.__koulor;11639;12050;12479;12925;13389;13873;14376;14899;15444;16010;16599;17212;17848
cr.__sinthiou_bocar_ali;5351;5540;5737;5942;6156;6378;6609;6850;7100;7361;7631;7913;8206
departement___koumpentoum;128433;132973;137701;142624;147749;153083;158634;164409;170418;176667;183167;189925;196951
com._koumpentoum;10022;10376;10745;11129;11529;11946;12379;12829;13298;13786;14293;14820;15369
com._malem_niani;2079;2152;2229;2309;2392;2478;2568;2661;2759;2860;2965;3074;3188
arrondissement_bamba_thialen;54102;56015;58006;60080;62239;64486;66824;69257;71788;74420;77158;80005;82965
cr.__bamba__thialene;15782;16340;16921;17526;18156;18811;19493;20203;20941;21709;22508;23338;24202
cr.__kahene;15288;15828;16391;16977;17587;18222;18883;19570;20286;21030;21803;22608;23444
cr.__mereto;13296;13766;14255;14765;15296;15848;16423;17020;17642;18289;18962;19662;20389
cr.__n.dame;9736;10080;10439;10812;11200;11605;12025;12463;12919;13392;13885;14397;14930
arrondissement_kouthiaba_wol;62230;64430;66720;69106;71589;74174;76863;79662;82573;85601;88750;92025;95429
cr.__kouthia_gaydi;10661;11038;11430;11839;12264;12707;13168;13647;14146;14665;15204;15765;16349
cr.__kouthiaba_wolof;19455;20143;20859;21605;22381;23189;24030;24905;25815;26761;27746;28770;29834
cr.__pass_koto;12413;12852;13309;13785;14280;14795;15332;15890;16471;17075;17703;18356;19035
cr.__payar;19700;20396;21122;21877;22663;23481;24332;25218;26140;27099;28095;29132;30210
region__thies;1788864;1838366;1889323;1941549;1995037;2049764;2105707;2162831;2221097;2280458;2340871;2402262;2464554
zoneurbaine_thies;872112;909991;946550;982424;1021459;1059728;1099179;1141975;1183844;1229167;1273434;1321244;1367828
zonerurale_thies;916752;928375;942771;959125;973578;990036;1006528;1020857;1037252;1051291;1067437;1081018;1096726
departement_mbour;668878;687387;706441;725969;745969;766432;787349;808709;830495;852691;875280;898235;921527
com._joal__fadiouth;45903;47173;48481;49821;51193;52598;54033;55499;56994;58518;60068;61643;63241
com._m.bour;232777;239218;245849;252645;259605;266727;274006;281440;289022;296746;304607;312596;320702
com._guekokh;27033;27781;28551;29340;30149;30976;31821;32684;33565;34462;35375;36303;37244
com._thiadiaye;14976;15390;15817;16254;16702;17160;17629;18107;18595;19092;19597;20111;20633
com._n.gaparou;9525;9789;10060;10338;10623;10914;11212;11516;11826;12143;12464;12791;13123
com._popoguine;8651;8890;9137;9389;9648;9913;10183;10460;10741;11028;11321;11617;11919
com._saly_portudal;26945;27691;28458;29245;30051;30875;31717;32578;33456;34350;35260;36184;37123
com._somone;5448;5599;5754;5913;6076;6243;6413;6587;6764;6945;7129;7316;7506
arrondissement__fissel;84836;87184;89600;92077;94614;97209;99862;102571;105334;108150;111015;113926;116880
cr.__fissel;38367;39429;40522;41642;42789;43963;45163;46388;47637;48911;50206;51523;52859
cr.__n.diaganiao;46469;47755;49079;50435;51825;53246;54700;56183;57697;59239;60808;62403;64021
arrondissement__sessene;87697;90124;92622;95182;97804;100487;103230;106030;108887;111797;114759;117768;120822
cr.__n.gueniene;34481;35435;36417;37424;38455;39510;40588;41689;42812;43957;45121;46304;47505
cr.__sandiara;28430;29217;30027;30857;31707;32576;33466;34373;35299;36243;37203;38179;39169
cr.__sessene;24786;25472;26178;26902;27643;28401;29176;29968;30775;31597;32434;33285;34148
arrondissement__sindia;125089;128551;132114;135766;139506;143333;147245;151239;155314;159464;163689;167982;172338
cr.__malicounda;61031;62720;64458;66240;68065;69932;71841;73790;75778;77803;79864;81958;84084
cr.__diass;30396;31237;32103;32990;33899;34829;35780;36750;37740;38749;39776;40819;41877
cr.__sindia;33663;34595;35553;36536;37543;38573;39625;40700;41797;42914;44051;45206;46378
departement_thies;667814;686294;705317;724814;744782;765213;786097;807422;829174;851335;873888;896806;920061
com._khombole;15587;16018;16462;16917;17383;17860;18348;18846;19353;19870;20397;20932;21475
com._pout;23728;24385;25061;25753;26463;27189;27931;28688;29461;30249;31050;31864;32691
com._cayar;23585;24238;24909;25598;26303;27025;27762;28516;29284;30066;30863;31672;32494
arrondissement_thies_nord;104095;106975;109941;112980;116092;119277;122532;125856;129247;132701;136216;139789;143414
ca._thies_nord;104095;106976;109941;112980;116092;119277;122532;125856;129247;132701;136217;139789;143414
arrondissement_thies_sud;213668;219581;225667;231905;238294;244831;251513;258336;265295;272386;279602;286934;294375
ca._thies_est;132080;135735;139497;143353;147303;151343;155474;159692;163994;168377;172837;177370;181969
ca._thies_ouest;81588;83846;86170;88552;90991;93487;96039;98644;101302;104009;106764;109564;112405
arrondissemnt__notto;62203;63924;65696;67512;69372;71275;73220;75207;77233;79297;81398;83532;85698
cr.__notto;41936;43096;44291;45515;46769;48052;49364;50703;52069;53460;54877;56316;57776
cr.__tassette;20267;20828;21405;21997;22603;23223;23857;24504;25164;25837;26521;27217;27922
arrondissemnt_thienaba;123737;127161;130686;134298;137998;141784;145653;149605;153635;157741;161920;166166;170475
cr.__n.dieyene_sirakh;30114;30947;31805;32684;33585;34506;35448;36409;37390;38390;39407;40440;41489
cr.__n.goundiane;24677;25360;26063;26783;27521;28276;29048;29836;30640;31458;32292;33139;33998
cr.__thienaba;24254;24925;25616;26324;27049;27791;28550;29324;30114;30919;31738;32571;33415
cr.__touba_toul;44691;45928;47201;48506;49842;51209;52607;54034;55489;56972;58482;60015;61572
arrondissemnt__keur_moussa;101211;104012;106895;109850;112876;115972;119137;122369;125666;129025;132443;135916;139440
cr.__diender_guedji;33312;34234;35183;36155;37151;38170;39212;40276;41361;42466;43591;44735;45895
cr.__fandene;28050;28826;29625;30444;31283;32141;33018;33914;34828;35758;36706;37668;38645
cr.__keur_moussa;39850;40953;42088;43251;44443;45662;46908;48181;49479;50801;52147;53514;54902
departement__tivaouane;452172;464685;477565;490766;504286;518120;532261;546700;561428;576432;591703;607221;622966
com._mekhe;22944;23579;24232;24902;25588;26290;27008;27741;28488;29249;30024;30811;31610
com._tivaouane;69556;71481;73462;75493;77573;79701;81876;84097;86362;88671;91020;93407;95829
com._m.boro;27693;28459;29248;30057;30885;31732;32598;33482;34384;35303;36238;37189;38153
arrondissement__meouane;111314;114394;117565;120815;124143;127549;131030;134585;138210;141904;145663;149483;153360
cr.__meouane;35615;36601;37615;38655;39720;40809;41923;43060;44220;45402;46605;47827;49068
cr.__taiba_n.diaye;22268;22884;23519;24169;24834;25516;26212;26923;27648;28387;29139;29904;30679
cr.__darou_khoudoss;53431;54910;56432;57991;59589;61224;62895;64601;66341;68114;69919;71752;73613
arrondissement__merina_dakhar;78979;81165;83414;85720;88082;90498;92968;95490;98062;100683;103350;106061;108811
cr.__koul;26875;27619;28384;29169;29972;30795;31635;32493;33369;34260;35168;36090;37026
cr.__merina_dakhar;32345;33240;34161;35106;36073;37062;38074;39107;40160;41234;42326;43436;44562
cr.__pekesse;19758;20305;20868;21444;22035;22640;23258;23888;24532;25188;25855;26533;27221
arrondissement__niakhene;56224;57780;59381;61023;62704;64424;66182;67978;69809;71675;73574;75503;77461
cr.__m.bayene;9327;9585;9851;10123;10402;10687;10979;11277;11581;11890;12205;12525;12850
cr.__n.gandiouf;26269;26996;27744;28511;29297;30100;30922;31761;32616;33488;34375;35277;36191
cr.__niakhene;8911;9158;9411;9672;9938;10211;10489;10774;11064;11360;11661;11967;12277
cr.__thilmakha;11717;12041;12375;12717;13067;13426;13792;14166;14548;14937;15333;15735;16143
arrondissement__pambal;85462;87827;90261;92756;95312;97926;100599;103328;106112;108948;111834;114767;117743
cr.__cherif_lo;17813;18306;18813;19333;19866;20411;20968;21537;22117;22708;23310;23921;24541
cr.__mont__rolland;14122;14513;14915;15327;15750;16182;16623;17074;17534;18003;18480;18964;19456
cr.__notto_gouye_diama;21814;22418;23039;23676;24328;24996;25678;26374;27085;27809;28545;29294;30054
cr.__pire_goureye;23377;24024;24690;25372;26071;26786;27518;28264;29025;29801;30591;31393;32207
cr._pambal;8335;8566;8803;9046;9296;9551;9811;10077;10349;10626;10907;11193;11483
region_ziguinchor;549151;565940;583528;601929;621168;641254;662179;683952;706554;729951;754109;778985;804533
zoneurbaine__ziguinchor;252256;262596;273674;284713;296918;309084;321819;335821;349745;364976;380070;395724;412725
zonerurale__ziguinchor;296895;303344;309853;317216;324250;332170;340359;348131;356810;364976;374037;383261;391807
departement_bignona;252554;260275;268364;276827;285675;294912;304535;314549;324943;335704;346814;358254;370004
com._bignona;27826;28677;29568;30500;31475;32493;33553;34656;35802;36987;38211;39472;40766
com._thionck_essyl;8388;8644;8913;9194;9488;9795;10114;10447;10792;11150;11519;11899;12289
com._diouloulou;5920;6101;6291;6489;6696;6913;7138;7373;7617;7869;8130;8398;8673
arrondissement_sindian;42858;44168;45541;46977;48479;50046;51679;53378;55142;56968;58854;60795;62789
cr.__djibidione;8452;8710;8981;9264;9560;9870;10192;10527;10875;11235;11607;11989;12383
cr.__oulampane;13620;14036;14473;14929;15406;15904;16423;16963;17524;18104;18703;19320;19954
cr.__sindian;11641;11997;12370;12760;13168;13593;14037;14499;14978;15474;15986;16513;17055
cr.__suelle;9146;9426;9719;10025;10345;10680;11028;11391;11768;12157;12560;12974;13399
arrondissemn_tendouck;32487;33480;34521;35609;36747;37936;39174;40462;41799;43183;44612;46084;47595
cr.__balingore;5496;5664;5840;6024;6217;6418;6627;6845;7071;7305;7547;7796;8052
cr.__diegoune;7511;7741;7981;8233;8496;8771;9057;9355;9664;9984;10314;10655;11004
cr.__karthiack;7938;8181;8435;8701;8979;9269;9572;9887;10213;10551;10901;11260;11630
cr.__mangagoulack;8477;8736;9008;9292;9589;9899;10222;10558;10907;11268;11641;12025;12419
cr.__mlomp;3065;3159;3257;3360;3467;3579;3696;3817;3944;4074;4209;4348;4490
arrondissemnt_tenghory;60734;62591;64536;66571;68699;70920;73234;75642;78142;80730;83402;86153;88978
cr.__coubalan;12119;12490;12878;13284;13708;14152;14613;15094;15593;16109;16642;17191;17755
cr.__niamone;7581;7813;8056;8310;8575;8852;9141;9442;9754;10077;10410;10754;11107
cr.__ouonck;10292;10607;10936;11281;11642;12018;12410;12818;13242;13680;14133;14599;15078
cr.__tenghory;30743;31683;32668;33698;34775;35899;37071;38290;39555;40865;42217;43610;45040
arrondissement__kataba_i;74341;76614;78995;81486;84090;86809;89642;92590;95649;98817;102087;105455;108913
cr.__djinaki;19520;20117;20742;21396;22080;22794;23538;24312;25115;25947;26805;27690;28598
cr.__kafountine;31340;32298;33302;34352;35450;36596;37790;39033;40323;41658;43037;44457;45915
cr.__kataba_i;23481;24199;24951;25738;26560;27419;28314;29245;30211;31212;32245;33308;34401
departement_oussouye;48332;49810;51358;52977;54670;56438;58280;60196;62185;64245;66371;68560;70809
com._oussouye;4828;4976;5130;5292;5461;5638;5822;6013;6212;6418;6630;6849;7073
arrondissement__cabrousse;23916;24647;25413;26215;27052;27927;28838;29787;30771;31790;32842;33925;35038
cr.__djembering;20924;21564;22234;22935;23668;24433;25231;26060;26921;27813;28733;29681;30655
cr.__santhiaba_manjacque;2991;3082;3178;3278;3383;3493;3607;3725;3848;3976;4107;4243;4382
arrondissement___loudia_ouolof;19588;20187;20814;21471;22157;22873;23620;24396;25203;26037;26899;27786;28697
cr.__mlomp;11236;11580;11939;12316;12710;13120;13549;13994;14457;14935;15430;15939;16461
cr.__oukout;8352;8607;8875;9155;9447;9753;10071;10402;10746;11102;11469;11848;12236
departement_ziguinchor;248265;255855;263806;272125;280823;289904;299364;309207;319425;330003;340924;352170;363720
com._ziguinchor;205294;211570;218145;225024;232217;239726;247548;255688;264137;272884;281915;291215;300766
arrondissement__niaguis;33230;34246;35310;36424;37588;38803;40070;41387;42755;44170;45632;47138;48684
cr.__adeane;17580;18117;18681;19270;19885;20528;21198;21895;22619;23368;24141;24938;25756
cr.__boutoupa_camar;5149;5306;5471;5644;5824;6013;6209;6413;6625;6844;7071;7304;7544
cr.__niaguis;10501;10822;11158;11510;11878;12262;12662;13079;13511;13958;14420;14896;15384
arrondissement___niassia;9741;10039;10351;10677;11018;11375;11746;12132;12533;12948;13377;13818;14271
cr.__enampore;4659;4801;4951;5107;5270;5440;5618;5803;5994;6193;6398;6609;6826
cr.__nyassia;5081;5236;5399;5569;5747;5933;6127;6328;6537;6754;6977;7208;7444
