"";"tmc_log";"tmc_racine_n"
"region_de_dakar";0,0273653995100082;0,0277432710490035
"zoneurbaine_dakar";0,0273086833987658;0,0276849831002626
"zonerurale_dakar";0,0288986681572267;0,0293202862689372
"departement_de_dakar";0,0273653969457522;0,0277432684136067
"arrondissement__dakar_plateau";0,0273653287257468;0,0277431983009577
"ca._goree";0,0273634333020104;0,0277412502939509
"ca._plateau";0,027365831847118;0,027743715380655
"ca._medina";0,0273651734614122;0,0277430387291062
"ca._colobane_fass_gueule_tapee";0,0273651984439361;0,0277430644047216
"ca._fann_point_e__amitie";0,0273656077940256;0,0277434851115232
"arrondissement__grand_dakar";0,0273654924115223;0,0277433665279139
"ca._grand_dakar";0,0273658372523861;0,0277437209358853
"ca._biscuiterie";0,0273655640256349;0,0277434401288457
"ca._hlm";0,0273651149063079;0,0277429785495074
"ca._hann__bel_air_";0,0273653816286276;0,0277432526715351
"ca._sicap_liberte";0,027365726509121;0,0277436071201962
"ca._dieuppeul_derkle";0,0273645933975948;0,0277424425727288
"arrondissement__almadies";0,0273654951611896;0,0277433693538662
"ca._ouakam";0,0273657880359039;0,027743670353956
"ca._n.gor";0,0273647915441652;0,0277426462163892
"ca._yoff";0,0273652759199795;0,027743144030191
"ca.mermoz__sacre__coeur";0,0273650467603455;0,0277429085129752
"arrondissement__parcelles_ass";0,0273654491606766;0,0277433220771452
"ca._grand_yoff";0,0273652935477235;0,0277431621469841
"ca._patte_d.oie";0,0273656074066228;0,0277434847133724
"ca._parcelles_assainies";0,0273655576534152;0,0277434335798388
"ca._camberene";0,0273655456389221;0,0277434212320224
"departement_de_guediawaye";0,027365449291015;0,0277433222110997
"arrondissement__guediawaye";0,027365449291015;0,0277433222110997
"ca.__golf_sud";0,027365628384147;0,0277435062728866
"ca.__sam__notaire";0,0273654222297316;0,0277432943990468
"ca.__n.diareme_limamoulaye";0,02736576608433;0,0277436477933652
"ca.__wakhinane_nimzatt";0,0273656416236147;0,0277435198796636
"ca.__medina_gounass";0,0273652678123441;0,0277431356976243
"departement_de_pikine";0,0273654162566719;0,0277432882602746
"arrondissement_niayes";0,0273654275089312;0,0277432998247087
"ca._yeumbeul_nord";0,0273654598205738;0,0277433330327834
"ca._yeumbeul_sud";0,0273653681595796;0,0277432388288119
"ca._malika";0,0273660013230516;0,0277438895584954
"ca._keur_massar";0,0273653376364751;0,0277432074588981
"arrondissement_pikine_dagouda";0,0273654297940413;0,0277433021732152
"ca._pikine_ouest";0,0273648564767518;0,0277427129503798
"ca._pikine_est";0,0273656830691905;0,0277435624750864
"ca._pikine_sud";0,0273647924296936;0,0277426471264846
"ca._daliford";0,0273650373593145;0,0277428988511323
"ca._djidah_thiaroye_kao";0,0273650926646227;0,0277429556907718
"ca._guinaw_rail_nord";0,0273649139714714;0,0277427720401606
"ca._guinaw_rail_sud";0,027365219297103;0,0277430858364196
"arrondissement_thiaroye";0,0273653869109707;0,0277432581004275
"ca._thiaroye__mer";0,0273652952946946;0,0277431639424219
"ca._diack_sao";0,0273653944504569;0,0277432658490837
"ca._diamaguene_sicap_m.bao_";0,0273655856875635;0,027743462391751
"ca._thiaroye_gare";0,0273664796208486;0,0277443811262512
"ca._m.bao";0,0273655099847674;0,0277433845887001
"departement_de_rufisque";0,0273654543880106;0,0277433274495027
"arrondissement_bambylor";0,0273648465254533;0,0277427027230053
"cr._yene";0,0273644489106182;0,0277422940773413
"cr._bambylor";0,0273657005887845;0,0277435804807364
"cr._tivaouane_peulh_niagha";0,0273647196869056;0,0277425723656219
"arrondissement_rufisque";0,0273654738529178;0,0277433474544315
"ca._rufisque_centre_nord";0,027365162774395;0,0277430277455988
"ca._rufisque__est";0,0273652135220362;0,0277430799011347
"ca._rufisque_ouest";0,0273654894615129;0,0277433634960613
"com._bargny";0,0273654401732362;0,0277433128403632
"com._sebikotane";0,0273658500156077;0,0277437340532063
"com._diamniadio";0,0273647211742018;0,0277425738941794
"com._jaxaay_parcelle_niakoul_rap";0,0273650744701655;0,0277429369915467
"com._sangalkam";0,0273652678123441;0,0277431356976243
"com._sendou";0,0273700054103291;0,0277480047429668
"region_diourbel";0,031280968370988;0,0317753594064574
"zoneurbaine_diourbel";0,0327326844026695;0,033274291985782
"zonerurale_diourbel";0,0310011749766937;0,0314867158586616
"departement_bambey";0,0312809746766245;0,0317753659124576
"commune_de_bambey";0,0312819083076336;0,0317763292103834
"arrondissement_baba_garage";0,0312807319291677;0,0317751154516419
"cr.__baba_garage";0,0312800920921688;0,0317744552839598
"cr.__dinguiraye";0,031283253244786;0,0317777168856346
"cr.__k._samba_kane";0,0312800300015983;0,0317743912204971
"arrondissement_lambaye";0,0312807236574363;0,0317751069170753
"cr.__gawane";0,0312795160523023;0,0317738609409115
"cr.__lambaye";0,0312805454119311;0,0317749230078166
"cr.__n.gogom";0,0312817048445463;0,0317761192820074
"cr.__refane";0,0312814179239238;0,0317758232442034
"arrondissement_ngoye";0,031280839814437;0,0317752267649842
"cr.__dangalma";0,031281719723419;0,0317761346336731
"cr.__n.dondol";0,0312813376735707;0,0317757404438326
"cr.__n.goye";0,0312813951681675;0,0317757997653645
"cr.__thiakar";0,0312818604882451;0,0317762798714714
"departement_diourbel";0,0312810592407944;0,0317754531636887
"commune_de_diourbel";0,0312808009608484;0,0317751866768148
"arrondissement_ndindy";0,0312804482259149;0,0317748227337271
"cr.__dankh__sene";0,0312823044059072;0,0317767378952871
"cr.__gade_escale";0,0312823044059072;0,0317767378952871
"cr.__n.dindy";0,0312801984260085;0,0317745649965051
"cr.__keur_n.galgou";0,0312793062235109;0,0317736444450718
"cr.__taiba_moutoupha";0,0312791181688822;0,0317734504152805
"cr._touba_lappe";0,0312809619391975;0,0317753527702942
"arrondissement_ndoulo";0,031280775227657;0,0317751601259466
"cr.__n.doulo";0,0312797386833529;0,0317740906458357
"cr.__n.gohe";0,0312818829856197;0,031776303083729
"cr.__patar";0,0312814846437366;0,0317758920840954
"cr.__tocky_gare_";0,03128031727869;0,0317746876256861
"cr.__toure_m.bonde_";0,0312786593100955;0,0317729769770756
"departement_mbacke";0,0312809401261327;0,0317753302641119
"commune_de_mbacke";0,031281266904992;0,0317756674265324
"arrondissement_kael";0,0312816589993116;0,03177607197999
"cr.__dendeye_gouye_gui";0,031278750518309;0,0317730710832498
"cr.__darou_salam__typ";0,0312763138102182;0,0317705569565228
"cr.__kael";0,0312831270373925;0,0317775866676666
"cr.__madina";0,0312845641703495;0,0317790694703062
"cr.__n.dioumane__t._thiekene";0,0312848651644222;0,031779380029737
"cr.__touba__m.boul";0,0312818659951637;0,0317762855533794
"cr.__darou_nahim";0,0312774482925447;0,0317717274826486
"cr.__taiba_tieckene";0,0312903563246857;0,031785045711225
"arrondissement_ndame";0,0312809909153854;0,0317753826672111
"cr.__dalla_n.gabou";0,031283783770254;0,0317782642701359
"cr.__missirah";0,0312834913818231;0,0317779625901524
"cr.__n.ghaye";0,0312815001892384;0,0317759081235696
"cr.__touba_fall_";0,0312798072838402;0,0317741614260434
"cr.__touba_mosquee";0,031280942303022;0,0317753325101726
"arrondissement_taif";0,0312815769899415;0,0317759873646879
"cr.__sadio";0,0312819423491642;0,0317763643336295
"cr.__taif";0,0312793792127323;0,0317737197534296
"region_fatick";0,0340342161363095;0,0346200068216691
"zoneurbaine_fatick";0,0485089887926606;0,0497048073567861
"zonerurale_fatick";0,0310906418408544;0,0315790038688508
"departement_fatick";0,0340342095248764;0,0346199999813481
"com._fatick";0,0340339928249853;0,0346197757793312
"com._diofior";0,0340339581894291;0,0346197399447004
"com._diakhao";0,0340284221324017;0,0346140122466729
"arrondissement_ndiob";0,0340338341447835;0,0346196116056694
"cr.__diaoule";0,0340333614085262;0,0346191225035821
"cr.__mbelacadiao";0,0340356422904397;0,0346214823503173
"cr.__ndiob";0,0340336514326658;0,0346194225681464
"cr.__thiare__ndialgui";0,0340341949990596;0,0346199849526478
"arrondissement_fimela";0,0340339449989486;0,0346197262975689
"cr.__fimela";0,0340350342775319;0,0346208532872925
"cr.__loul_sessene";0,0340342181948268;0,0346200089514523
"cr.__palmarin_facao";0,0340356904000135;0,034621532125517
"cr.__djilasse";0,0340317426754399;0,0346174477327323
"arondissement_niakhar";0,0340340921543945;0,0346198785475074
"cr.__ngayokheme";0,0340336465832463;0,0346194175508427
"cr.__niakhar";0,0340345959944162;0,0346203998305408
"cr.__patar.1";0,0340350537742169;0,0346208734589697
"arondissement_tattaguine";0,0340339203908925;0,034619700837589
"cr.__diarere";0,0340345910529715;0,0346203947180213
"cr.__diouroup";0,0340337113778855;0,034619484588637
"cr.__tattaguine";0,0340333984917888;0,0346191608706354
"departement_foundiougne";0,0340341304830902;0,0346199182031386
"com._foundiougne";0,0340327092222603;0,03461844773942
"com._sokone";0,0340351822914048;0,0346210064255434
"com._passy";0,0340336722742495;0,034619444131254
"com._karang_poste";0,0340353243465791;0,0346211533988212
"com._soum";0,0340307194975079;0,0346163891355333
"arondissement_djilor";0,0340344659778501;0,0346202653127579
"cr.__djilor";0,0340333486959289;0,0346191093508859
"cr.__diossong";0,0340345329470758;0,0346203346004783
"cr.__diagane_barka";0,0340359253028834;0,0346217751611126
"cr.__mbam";0,0340365803149242;0,034622452851055
"cr.__niassene";0,0340352697887277;0,0346210969521155
"arondissement_niodior";0,034034727611392;0,0346205360041578
"cr.__bassoul";0,0340336703042602;0,0346194420930648
"cr.__dionewar";0,0340347834358599;0,0346205937613004
"cr.__djirnda";0,0340356917738942;0,0346215335469635
"arondissement_toubacouta";0,0340339889946109;0,0346197718163501
"cr.__keur_s.diane";0,0340348237127686;0,0346206354326204
"cr.__keur__samba_gueye";0,0340351976226334;0,0346210222875547
"cr.__nioro_alassane_tall";0,034034187968456;0,0346199776786449
"cr.__toubacouta";0,034033937737749;0,0346197187849888
"departement_gossas";0,0340342079519994;0,0346199983540183
"commune_gossas";0,0340334075027714;0,0346191701935707
"arondissement_colobane";0,0340338312903566;0,0346196086524233
"cr.__colobane";0,0340341646507267;0,0346199535536564
"cr.__mbar";0,034033607714342;0,0346193773363206
"arondissement_ouadiour";0,0340349389526656;0,0346207546622028
"cr.__ndiene_lagane";0,0340365315775477;0,0346224024262722
"cr.__ouadiour";0,0340349433337997;0,0346207591950149
"cr.__patar_lia";0,0340336522235125;0,0346194233863717
"region_kaffrine";0,0356165259267492;0,0362583920625155
"popu.urbaine_kaffrine";0,0612458414544945;0,0631602509246252
"popu.rurale_kaffrine";0,0300804090746712;0,0305373951804353
"departement_kaffrine";0,035616531177584;0,0362583975037369
"com._kaffrine";0,0356163938367888;0,0362582551831945
"com._n.ganda";0,0356189553460761;0,0362609095717388
"arrondissement_gniby";0,0356169177537929;0,0362587980966573
"cr.__boulel";0,0356161554694231;0,0362580081730735
"cr.__gniby";0,0356163719037435;0,0362582324548955
"cr.__kahi";0,0356156138882152;0,0362574469553616
"arrondissement_katakel";0,0356166437470455;0,0362585141547935
"cr.__diokoul_m.belbouck";0,0356164541433297;0,0362583176763474
"cr.__kathiote";0,0356165973129538;0,0362584660370717
"cr.__medinatoul_salam_2";0,0356161159339344;0,0362579672041077
"cr.__diamagadio";0,0356160247070848;0,0362578726695622
"departement_mbirkilane";0,0356163610911234;0,0362582212502289
"com_.birkelane";0,0356187841957368;0,0362607322153476
"arrondissment_keur_m.bouki";0,035616031383693;0,03625787958825
"cr.__keur_m.bouki";0,0356178330697988;0,0362597466013554
"cr.__touba_m.bella";0,0356163176335112;0,0362581762169221
"cr.__diamal";0,035616799675983;0,0362586757374952
"arrondissement_mabo";0,035616251619715;0,0362581078095883
"cr.__mabo";0,0356176036220806;0,0362595088339486
"cr.__n.diognick";0,0356157105435455;0,0362575471151723
"cr.__mbeuleup";0,0356229355250233;0,0362650340838031
"cr.__segre_gatta";0,0356126741990636;0,0362544006850642
"departement_koungheul";0,0356163662985797;0,0362582266464984
"com._koungheul";0,0356175663530127;0,0362594702135233
"arrondissement_ida_mouride";0,0356162560684437;0,0362581124196193
"cr.__saly_escale";0,0356168382832379;0,0362587157445986
"cr.__fass_thiekene";0,0356155391352592;0,0362573694920574
"cr.__ida_mouride";0,0356161565646598;0,0362580093080214
"arrondissement_lour_escale";0,0356165666295534;0,0362584342411387
"cr.__lour_escale";0,0356155099440249;0,0362573392424259
"cr.__ribot_escale";0,0356182657753182;0,0362601949967645
"arrondissement_missirah_wade";0,0356169525571553;0,0362588341619483
"cr.__gainthe_pathe";0,0356156563376561;0,036257490943912
"cr.__maka_yop";0,0356153542725353;0,0362571779267149
"cr.__missirah_wadene";0,0356178418639085;0,0362597557143374
"departement_malem_hoddar";0,0356166600875411;0,0362585310877712
"com._malem_hoddar";0,0356194148561563;0,0362613857441818
"arrondissement_darou_minam_ii";0,0356173187091078;0,0362592135902133
"cr.__darou_minam_ii";0,0356147287478249;0,0362565297224466
"cr.__n.dioum__n.gainth";0,035613165840335;0,0362549101506204
"cr.__khelcom";0,0356203345689116;0,0362623388074346
"cr.__ndiobene_samba_lamo";0,0356143157661693;0,0362561017675975
"arrondissement_sagna";0,0356168867606828;0,0362587659797748
"cr.__dianke_souf";0,0356159567835447;0,0362578022832614
"cr.__sagna";0,0356159149919525;0,0362577589763988
"region_kaolack";0,0306483213843669;0,0311228162709476
"zoneurbaine_kaolack";0,0417928245997895;0,0426784390495791
"zonerurale_kaolack";0,0238884032971812;0,0241760168463443
"departement_kaolack";0,0306483481037313;0,0311228438218942
"com._kaolack";0,0306482298465205;0,0311227218841899
"com._kahone";0,0306482359868344;0,0311227282156072
"com._gandiaye";0,0306488341202539;0,031123344964755
"com._ndoffane";0,0306462166208359;0,0311206460035318
"com._sibassor";0,0306453066638012;0,0311197077284733
"arrondissement_ndiedieng";0,030648040720578;0,0311225268721518
"cr.__keur_soce";0,0306472972123613;0,0311217602243656
"cr.__ndiaffate";0,0306479798298107;0,0311224640863119
"cr.__ndiedieng";0,0306477007816012;0,0311221763534746
"arrondissement_koumbal";0,0306481825070126;0,0311226730713487
"cr.__latmingue";0,0306492932465778;0,0311238183807345
"cr.__thiare";0,0306475301002222;0,0311220003601347
"cr.__keur_baka";0,0306489721286812;0,031123487268476
"arrondissement_ngothie";0,0306489230873744;0,031123436700834
"cr.__dya";0,030647590863131;0,0311220630141087
"cr.__ndiebel";0,0306484697022264;0,031122969204888
"cr.__thiomby";0,0306485162870218;0,0311230172395416
"departement_nioro";0,0306483830766273;0,0311228798832468
"com._nioro";0,0306483578884844;0,0311228539111768
"com._keur_madiabel";0,0306473800072696;0,0311218455960007
"arrondissement_medina_sabakh";0,0306484467010634;0,0311229454878608
"cr.__kayemor";0,0306471467677126;0,0311216050976264
"cr.__medina_sabakh";0,0306477230238708;0,0311221992879722
"cr.__ngayene";0,0306474956886433;0,0311219648775993
"arrondissement_paoskoto";0,03064830061253;0,0311227948526329
"cr.__gainte_kaye";0,0306490760970957;0,0311235944727557
"cr.__paoskoto";0,0306500570878692;0,0311246059959842
"cr.__porokhane";0,0306479978324593;0,0311224826492473
"cr.__taiba_niassene";0,0306488524624723;0,0311233638778448
"cr._dabaly";0,0306460767168818;0,0311205017456864
"cr._darou_salam";0,0306493223241053;0,0311238483632661
"arrondissement_wack_ngouna";0,0306485643804914;0,0311230668298264
"cr.__keur_maba_diakhou";0,0306493520543516;0,0311238790188326
"cr.__ndrame_escale";0,0306477892952887;0,0311222676219047
"cr.__wack_ngouna";0,0306485942368599;0,0311230976154169
"cr.__k._mandongo";0,0306478433501504;0,0311223233590778
"departement_guinguineo";0,0306482950421051;0,0311227891088408
"com._guinguineo";0,0306484259838558;0,0311229241258728
"com._fass";0,0306502976221825;0,0311248540168632
"com._mboss";0,0306437316771098;0,0311180837299352
"arrondissement_mbadakhoune";0,0306479187642011;0,0311224011201918
"cr.__mbadakhoune";0,030648654579977;0,0311231598366006
"cr.__ndiago";0,0306510074734503;0,0311255859624078
"cr.__ngathie_naoude";0,0306490023147724;0,0311235183940641
"arrondissement_nguelou";0,0306487593698884;0,031123267887911
"cr._khelcom_birame";0,0306488364474171;0,0311233473643473
"cr.__gagnick";0,0306512269625803;0,0311258122832905
"cr.__nguelou";0,0306471988574744;0,0311216588085066
"cr.__ourour";0,0306497106216612;0,031124248746214
"cr.__dara_mboss";0,030652255518301;0,0311268728541889
"cr.__panal_ouolof";0,0306475666211203;0,0311220380176369
"region_kedougou";0,033239498087415;0,0337981022629523
"zoneurbaine_kedougou";0,0460080030142901;0,0470827907419427
"zonerurale_kedougou";0,0285613697805369;0,0289731567536868
"departement_kedougou";0,0332393345512377;0,0337979331995764
"com_.kedougou";0,0332388060727393;0,0337973868597414
"arrondissement__bandafassi";0,0332392869909703;0,0337978840318713
"cr.__bandafassi";0,0332385354070738;0,0337971070463214
"cr.__tomboronkoto";0,0332374890824538;0,0337960253595222
"cr.__dindifelo";0,033234204882154;0,0337926301718809
"cr.__ninefecha";0,0332397678095114;0,0337983811011813
"arrondissement__fongolimbi";0,0332409811107262;0,0337996354107739
"cr.__dimboli";0,0332426762349162;0,0338013878310288
"cr.__fongolembi";0,0332388564636829;0,0337974389537685
"departement_salemata";0,033240474102025;0,0337991112654963
"com._salemata";0,0332432321250703;0,0338019625112014
"arrondissement__dakateli";0,0332390235317614;0,0337976116683345
"cr.__dakateli";0,0332429055289538;0,0338016248755502
"cr.__kevoye";0,033235730768493;0,0337942076231363
"arrondissement__dar_salam";0,0332372655845758;0,03379579430833
"cr.__dar_salam";0,0332360963170344;0,03379458552517
"cr.__ethiolo";0,0332449423442348;0,0338037305406418
"cr.__oubadji";0,0332274138405349;0,0337856096669424
"departement_saraya";0,0332393257898963;0,0337979241421198
"com._saraya";0,033236677490321;0,0337951863391415
"arrondissement__bembou";0,0332403229316382;0,0337989549856965
"cr.__medina_baffe";0,0332381052638558;0,0337966623656027
"cr.__bembou";0,0332414250804963;0,0338000943866623
"arrondissement__sabodala";0,0332388487996504;0,0337974310307114
"cr.__khossanto";0,0332414476148006;0,0338001176826284
"cr.__missirah_sirimana";0,0332381828360353;0,0337967425594661
"cr.__sabodala";0,0332390019060786;0,0337975893117555
"region_de_kolda";0,0312299967651122;0,0317227694997926
"pop.urbaine_de_kolda";0,0490164384534821;0,0502376148803072
"pop.rurale_de_kolda";0,0241092636753787;0,0244022417299028
"departement__kolda";0,0312298953899535;0,0317226649087383
"com._kolda";0,0312299770220526;0,0317227491304286
"com._dabo";0,0312278867950643;0,0317205925979478
"com._salikegne";0,0312258709560962;0,0317185128174693
"com._sare_yoba_diega";0,031231785347927;0,0317246148230581
"arrondissement_dioulacolon";0,0312297981902652;0,0317225646256218
"cr.__dioulacolon";0,0312292228301527;0,0317219710137817
"cr.__medina__el_hadji";0,0312301992197708;0,0317229783768949
"cr.__tankanto_escale";0,0312299162728632;0,0317226864541098
"cr.__guiro_yero_bocar";0,0312301460932992;0,0317229235650947
"arrondissement_mampatim";0,0312295752344736;0,0317223345971265
"cr.__bagadadji";0,0312315722671259;0,031724394982374
"cr.__coumbacara";0,0312275383504482;0,0317202331005246
"cr.__mampatim";0,0312281742751742;0,0317208891971399
"cr.__dialambere";0,0312315016344635;0,0317243221089356
"cr.__medina_cherif";0,0312284843045879;0,0317212090610117
"arrondissement_sare_bidji";0,0312291384066058;0,0317218839121571
"cr.__sare_bidji";0,0312312934104766;0,0317241072792063
"cr.__thietty";0,0312339839198115;0,0317268831462822
"departement_velingara";0,031229954473826;0,0317227258669106
"com._velingara";0,0312304458929302;0,031723232875293
"com._diaoube__kabendou";0,0312306246668666;0,031723417320533
"com._kounkane";0,0312287950887333;0,0317215297036559
"arrondissement_bonconto";0,0312299651317331;0,0317227368629156
"cr.__bonconto";0,0312280168635934;0,0317207267923365
"cr.__linkering";0,0312308654450851;0,0317236657370894
"cr.__medina_gounass";0,0312295306295976;0,0317222885772805
"cr.__sinthiang__koundara";0,031230926528245;0,0317237287580328
"arrondissement_pakour";0,0312305085832211;0,0317232975543245
"cr.__ouassadou";0,0312307559368083;0,0317235527548148
"cr.__paroumba";0,0312300701415055;0,0317228452038911
"cr.__pakour";0,031230701886544;0,0317234969898854
"arrondissement_sare_coly_sall";0,0312301292845638;0,0317229062231372
"cr.__kandia";0,0312311264508552;0,0317239350229543
"cr.__sare_coly_salle";0,031229388184571;0,0317221416135822
"cr.__nemataba";0,0312284019768269;0,0317211241217181
"cr.__kandiaye";0,0312310191599707;0,0317238243283868
"departement_medina_yoro_foulah";0,0312300740000413;0,0317228491848307
"com._medina_yoro_foulah";0,0312313982752262;0,0317242154707023
"com._pata";0,0312378163158222;0,0317308371398499
"arrondissement_fafacourou";0,0312310795606466;0,031723886645205
"cr.__fafacourou";0,0312266647585943;0,0317193317985272
"cr.__badion";0,0312290067346852;0,0317217480633643
"arrondissement_ndorna";0,031230059111701;0,0317228338241897
"cr.__ndorna";0,0312312671302455;0,0317240801652587
"cr.__bignarabe";0,0312321424771826;0,0317249832821676
"cr.__bourouco";0,0312298186834646;0,0317225857689183
"cr.__koulinto";0,0312267321178488;0,0317194012943747
"arrondissement_niaming";0,0312302401999011;0,0317230206570378
"cr.__dinguiraye.1";0,0312287158590784;0,0317214479607184
"cr.__kerewane";0,0312306461590636;0,031723439494536
"cr.__niaming";0,0312308979515168;0,0317236992747447
"region_de_louga";0,0275501777473093;0,0279331931852245
"zoneurbaine_de_louga";0,0406776200013624;0,0415162873985486
"zonerurale_de_louga";0,0235140374676495;0,0237926721022748
"departement_kebemer";0,0275501187339368;0,0279331325234218
"com._kebemer";0,0275510153333602;0,0279340541680888
"com._gueoul";0,0275529993731786;0,0279360936322062
"arrondissement__darou_mousty";0,0275505212729024;0,027933546306645
"cr.__darou_marnane";0,0275510350806472;0,0279340744669978
"cr.__darou_mousty";0,0275496669171069;0,0279326680860374
"cr.__mbadiane";0,0275514186171898;0,0279344687173544
"cr.__ndoyene";0,027546445716057;0,0279293569135808
"cr.__sam_yabal";0,0275523243034287;0,0279353997038787
"cr.__touba_merina";0,027549254971794;0,0279322446340802
"cr.__mbacke_cadior";0,027549368822478;0,0279323616648759
"arrondissement_ndande";0,027550238353477;0,0279332554843179
"cr.__badegne_ouolof";0,0275514983035509;0,0279345506297148
"cr.__diokoul_diawrigne";0,0275513439935959;0,0279343920091928
"cr.__kab_gaye";0,0275478595248055;0,0279308102101257
"cr.__ndande";0,0275509726838051;0,0279340103271597
"cr.__thieppe";0,0275507803879402;0,0279338126597191
"arrondissement_sagatta_gueth";0,027550107816007;0,0279331213005201
"cr.__kanene_ndiob";0,0275511567465833;0,027934199531567
"cr.__loro";0,0275508056639441;0,0279338386417787
"cr.__sagatta_gueth";0,0275517613130752;0,0279348209863277
"cr.__thiolom_fall";0,0275494066149438;0,0279324005129753
"cr.__ngourane_ouolof";0,0275514646300088;0,0279345160155182
"departement_linguere";0,0275501603027993;0,0279331752534338
"com._linguere";0,0275504121696471;0,0279334341557549
"com._dahra";0,0275493069411302;0,0279322980550378
"com._mbeuleukhe";0,0275649684689939;0,0279483971714338
"arrondissement_barkedji";0,0275505627027659;0,0279335888937924
"cr.__barkedji";0,0275485839936886;0,0279315549142813
"cr.__gassane";0,0275514169522841;0,0279344670059405
"cr.__thiargny";0,027550103547595;0,027933116912878
"cr.__thiel";0,0275481715888532;0,0279311309904251
"arrondissement_dodji";0,0275495522465015;0,0279325502123828
"cr.__dodji";0,0275504383734149;0,0279334610914843
"cr.__labgar";0,0275530886037076;0,0279361853554918
"cr.__ouarkhoh";0,0275509738905019;0,0279340115675644
"arrondissement_yang_yang";0,0275501964161524;0,027933212375548
"cr.__kamb";0,0275523582210611;0,0279354345690144
"cr.__mboula";0,0275472973868305;0,027930232371344
"cr.__tessekre_forage";0,0275510989099264;0,027934140079291
"cr._yang_yang";0,0275483724578025;0,0279313374698922
"arrondissement_sagatta_djolo";0,0275497976159179;0,0279328024356238
"cr.__boulal";0,027550027029589;0,0279330382574887
"cr.__deali";0,0275507529694269;0,0279337844753027
"cr.__sagatta_djolof";0,027547569151002;0,02793051172599
"cr.__thiamene_djolof";0,027549274575812;0,0279322647856826
"cr.__affe_djoloff";0,0275521941445354;0,0279352659089536
"departement_louga";0,0275502300209276;0,0279332469190132
"com._louga";0,0275504320346318;0,0279334545756371
"com._ndiagne";0,0275503595458093;0,0279333800619541
"arrondissement_coki";0,0275506681944304;0,0279336973322233
"cr.__coki";0,0275503993284676;0,0279334209558773
"cr.__pete_ouarack";0,0275481318739761;0,0279310901662675
"cr.__thiamene_cayor";0,0275507561521604;0,0279337877469419
"cr.__guet_ardo";0,0275484845260912;0,0279314526684045
"arrondissement_k_eur_momar_sa";0,0275502552309085;0,0279332728331911
"cr.__gande";0,0275505718934952;0,0279335983412516
"cr.__k.momar_sarr";0,0275494733339115;0,0279324690955662
"cr.__nguer_malal";0,0275494506144705;0,0279324457415153
"cr.__syer";0,0275468964354273;0,0279298202213576
"arrondissement_mbediene";0,0275505870673653;0,0279336139389827
"cr.__kelle_gueye";0,0275518769228179;0,0279349398256148
"cr.__mbediene";0,0275509026564322;0,0279339383436439
"cr.__nguidile";0,0275486744996659;0,0279316479482357
"cr.__niomre";0,0275495972437375;0,0279325964665074
"ar.rondissement_sakal";0,0275500998652737;0,0279331131276981
"cr.__leona";0,0275510309315047;0,0279340702019528
"cr.__ngueune_sarr";0,0275505426231095;0,0279335682532393
"cr.__sakal";0,0275510266283156;0,0279340657785583
"region_matam";0,0373567020989736;0,0380632341407861
"zoneurbaine_matam";0,0694583222614628;0,0719273847644979
"zonerurale_matam";0,0260252327779851;0,0263668462334667
"departement_matam";0,0373566522033666;0,038063182345992
"com_.matam";0,0373573046376935;0,0380638596142666
"com._ourossogui";0,0373560932900635;0,0380626021588322
"com._thilogne";0,0373586692467581;0,0380652761665856
"com._nguidilogne";0,0373551172262972;0,0380615889440337
"arrondissement_agnam_civol";0,0373570484745391;0,038063593700588
"cr.__agnam_civol";0,0373574649537583;0,0380640260325931
"cr.__orefonde";0,0373574824602591;0,0380640442054618
"cr.__dabia";0,0373575165564007;0,0380640795994411
"arrondissement_ogo";0,0373566215951014;0,0380631505726794
"cr.__bokidiawe";0,0373570857446361;0,0380636323893195
"cr.__nabadji_civol";0,0373571810358252;0,0380637313076422
"cr.__ogo";0,0373571212941097;0,0380636692919358
"departement_kanel";0,0373566564125263;0,0380631867153658
"com._kanel";0,0373571562054464;0,0380637055321269
"com._semme";0,037359240349511;0,0380658690086919
"com._waounde";0,0373546444184329;0,0380610981404668
"com._dembancane";0,0373585690825879;0,0380651721896439
"com._hamady_ounare";0,0373558660494415;0,0380623662688675
"com._sinthiou_bamanbe_banadji";0,0373568273590898;0,0380633641687156
"com._odobere";0,0373607343783289;0,0380674199101736
"arrondissement_orkadiere";0,0373568773654934;0,0380634160785323
"cr.__bokiladji";0,0373560705078141;0,0380625785094313
"cr.__orkadiere";0,0373564642439326;0,0380629872322422
"cr.__aoure";0,0373573950833584;0,038063953502647
"arrondissement_ouro_sidy";0,037356977209516;0,0380635197229646
"cr.__ndendory";0,0373571851412839;0,03806373556937
"cr.__ouro_sidy";0,0373559908459206;0,0380624958154041
"departement_ranerou";0,0373571796295758;0,0380637298478657
"com._ranerou";0,0373644575308691;0,0380712848007196
"arrondissement_velingara";0,0373562446907058;0,0380627593221887
"cr.__lougre_thioly";0,0373641484027177;0,038070963903712
"cr.__velingara";0,0373568989203768;0,0380634384538685
"cr.__oudalaye";0,037356813904936;0,0380633502024514
"region_saint_louis";0,0260174211628378;0,0263588286819791
"urbain_saint_louis";0,0388840765307145;0,0396499568345108
"rural_saint_louis";0,0135995152243183;0,0136924092584298
"departement_dagana";0,026017473179805;0,026358882070054
"com._dagana";0,0260172051929054;0,0263586070193562
"com._richard_toll";0,0260175971187779;0,0263590092759276
"com._rosso_senegal";0,0260158535624176;0,0263572197627091
"com._ross_bethio_";0,0260157872368448;0,0263571516889809
"com._gae";0,0260147299306799;0,0263560665158107
"com._ndombo_sandjiry";0,0260227526306715;0,0263643006956469
"arrondissement_mbane";0,0260170898167158;0,0263584886020178
"cr.__mbane";0,0260177387636964;0,0263591546544761
"cr.__bokhol";0,026015983899947;0,0263573535355821
"arrondissement_ndiaye";0,0260174198617494;0,0263588273465956
"cr.__diama";0,0260167495138875;0,0263581393293808
"cr.__ngnith";0,0260172118578635;0,0263586138599934
"cr.__ronkh";0,0260187037002234;0,0263601450263922
"departement_podor";0,0260174020546244;0,0263588090700957
"com._podor";0,0260193163399368;0,0263607738155698
"com._ndioum";0,0260169080024378;0,0263583019954072
"com._gollere";0,026014318920012;0,026355644672605
"com._ndiandane";0,0260148410122997;0,0263561805251114
"com._bode_lao";0,0260262783018432;0,0263679193250526
"com._demette";0,0260232055361166;0,0263647655417327
"com._galoya_toucouleur";0,0260162350180834;0,0263576112725603
"com._guede_chantier";0,0260167044864086;0,0263580931150622
"com._mboumba";0,0260162774108427;0,0263576547826925
"com._aere_lao";0,0260179186098876;0,0263593392412775
"com._pete";0,0260162596624638;0,0263576365665081
"com._walalde";0,0260097862286467;0,02635099252978
"arrondissemnt_cas_cas";0,0260175033609773;0,0263589130467687
"cr.__medina_ndiathbe";0,0260181996383281;0,0263596276774825
"cr.__dounga_lao";0,0260175533285001;0,0263589643313824
"cr.__mery";0,0260160832176088;0,0263574554709995
"arrondissement_salde";0,0260175832356882;0,0263589950268934
"cr.__boke_dialloube";0,0260185200590013;0,0263599565443782
"cr.__mbolo_birane";0,0260166674756985;0,0263580551288212
"arrondissement_thille_boubac";0,0260175559596992;0,0263589670319373
"cr.__fanaye";0,0260172886587509;0,0263586926852488
"cr.__ndiayene_pendao";0,0260178456073347;0,0263592643144284
"arrondissement_gamadji_sare";0,0260176864625088;0,0263591009746749
"cr.__dodel";0,026017084383183;0,0263584830252652
"cr.__gamadji_sare";0,0260185612875698;0,0263599988597307
"cr.__guede_village";0,0260178080671995;0,0263592257847634
"departement_saint_louis";0,0260174026537953;0,0263588096850602
"com._saint_louis";0,0260175401923076;0,0263589508489337
"com._m.pal";0,0260182258071619;0,0263596545361173
"arrondissement_rao";0,0260177263035704;0,0263591418659117
"cr.__gandon";0,0260171116430842;0,0263585110036966
"cr.__fass_ngom";0,0260157348190312;0,0263570978895844
"cr.__n.diebene_gandiole";0,0260175970192885;0,0263590091738157
"region_sedhiou";0,033831794822387;0,0344105988755086
"zoneurbaine_sedhiou";0,0580929722756572;0,0598135244051343
"zonerurale_sedhiou";0,0268517747631234;0,0272155322130134
"departement_sedhiou";0,0338318836092385;0,034410690717573
"com._sedhiou";0,0338323403902064;0,0344111632167974
"com._marsassoum";0,0338322183754919;0,0344110370034223
"com._dianah_malary";0,0338249908936424;0,0344035608434445
"arrondissement_diende";0,0338315222283877;0,0344103169014249
"cr.__diende";0,033831041555241;0,0344098196882825
"cr.__sakar";0,0338318237424171;0,0344106287906947
"cr.__diannah_ba";0,03383500392326;0,034413918408791
"cr.__koussy";0,0338318244761061;0,0344106295496305
"cr.__oudoucar";0,0338316728604073;0,0344104727167518
"cr.__sama_kanta_peulh";0,0338248168752391;0,034403380838204
"arrondissement_djibabouya";0,0338326417553323;0,0344114749522948
"cr.__benet__bijini";0,0338322824640244;0,0344111032973098
"cr.__sansamba";0,0338310586606477;0,0344098373822832
"cr.__djibabouya";0,0338274512132298;0,0344061058099172
"arrondissement_djiredji";0,0338319749687715;0,0344107852208548
"cr.__bambali";0,0338304232728408;0,0344091801310942
"cr.__djiredji";0,0338319289143886;0,0344107375817058
"departement_bounkiling";0,0338318739375843;0,0344106807131106
"com._bounkiling";0,0338320423078278;0,0344108548771034
"com._madina_wandifa";0,0338319905444297;0,034410801332484
"com._n.diamacouta";0,033831310555333;0,0344100979446567
"arrondissement_boghal";0,0338318125384233;0,0344106172011645
"cr.__n.diamalathiel";0,0338303547746722;0,0344091092759622
"cr.__boghal";0,0338307990585832;0,0344095688473889
"cr.__tankon";0,0338316894411993;0,034410489868097
"cr.__djinany";0,0338266670901538;0,0344052947085376
"arrondissement_bona";0,0338327625806116;0,0344115999353578
"cr.__bona";0,0338296310301055;0,0344083606282606
"cr.__diacounda";0,0338300122069789;0,0344087549208805
"cr.__inor";0,0338305776713081;0,0344093398422984
"cr.__kandion_mangana";0,0338397118282919;0,034418788342746
"arrondissement_diaroume";0,0338314215810053;0,0344102127907395
"cr.__diaroume";0,0338321359681529;0,0344109517603648
"cr.__diambaty";0,0338320069286783;0,0344108182805278
"cr.__faoune";0,0338300233492148;0,0344087664465067
"departement_goudomp";0,0338316349653728;0,0344104335177322
"com._goudomp";0,0338297604815779;0,0344084945339544
"com._diattacounda";0,0338270116299899;0,0344056511024298
"com._samine";0,0338345843240719;0,0344134843696415
"com._tanaff";0,0338289986078595;0,0344077064456085
"arrondissement_djibanar";0,0338320139437507;0,0344108255369946
"cr.__djibanar";0,03383088378349;0,034409656487647
"cr.__kaour";0,0338293853519386;0,0344081064967419
"cr.__mangaroungou_santo";0,0338310212403866;0,0344097986743979
"cr.__simbadi_balante";0,0338326505926556;0,0344114840937235
"cr.__yarang_balante";0,0338316393017264;0,0344104380033015
"arrondissement_karantaba";0,0338318900934993;0,0344106974249616
"cr.__karantaba";0,0338335781162842;0,0344124435352615
"cr.__kolibantang";0,0338293768654272;0,0344080977182257
"arrondissement_simbandi_brass";0,0338319382189367;0,0344107472064301
"cr.__niagha";0,0338338259796288;0,0344126999282213
"cr.__simbandi_brassou";0,0338328799012863;0,0344117212932318
"cr.__baghere";0,0338324839646201;0,0344113117317844
"cr.__diouboudou";0,0338341434160536;0,0344130282885426
"region__tambacounda";0,0356287631303729;0,0362710730450555
"zoneurbaine_tambacounda";0,0468166654371105;0,0479298697026986
"zonerurale_tambacounda";0,0318250980780531;0,0323369318007836
"departement___bakel";0,0356287876463556;0,0362710984502597
"com._bakel";0,0356293043928019;0,0362716339398055
"com._diawara";0,0356323469272467;0,0362747868367423
"com_.kidira";0,0356311332385306;0,03627352912249
"arrondissement_keniaba";0,0356294473027447;0,036271782033336
"cr.__gathiary";0,0356239111835749;0,0362660451251384
"cr.__madina_foulbe";0,0356218942565998;0,0362639550543065
"cr.__sadatou";0,0356310098111254;0,0362734012179451
"cr.__toumboura";0,0356265758311474;0,0362688064126191
"arrondissement_bele_ex_kidira";0,0356284935365253;0,0362707936727875
"cr.__bele";0,0356292928718594;0,0362716220009796
"cr.__sinthiou_fissa";0,0356299076612224;0,036272259089946
"arrondissement_moudery";0,0356286644937827;0,0362709708308153
"cr.__ballou";0,0356279727046008;0,0362702539500164
"cr.__gabou";0,0356277705253121;0,0362700444376547
"cr.__moudery";0,0356277068759509;0,0362699784797305
"departement_tambacounda";0,0356287634575103;0,0362710733840585
"com._tambacounda";0,0356289790109956;0,0362712967559242
"arrondissemnt_koussanar";0,0356286178742136;0,0362709225203104
"cr.__koussanar";0,0356291302528777;0,0362714534835573
"cr.__sinthiou_malem";0,0356292100202548;0,0362715361442165
"arrondissement_makacouliban";0,0356290360954837;0,0362713559109424
"cr.__makacoulibatang";0,0356284345645209;0,0362707325618234
"cr.__n.doga_babacar";0,0356277053898857;0,0362699769397656
"cr.__niani_toucouleur";0,0356312291745127;0,0362736285384135
"arrondissement_missirah";0,0356290138813443;0,0362713328910664
"cr.__dialacoto";0,0356291442878017;0,0362714680275487
"cr.__missirah.1";0,0356292922574957;0,0362716213643319
"cr.__nette_boulou";0,0356284735548935;0,0362707729664062
"departement_goudiry";0,0356289782612827;0,0362712959790183
"com._goudiry";0,0356250830422787;0,0362672594832345
"com._kothiary";0,0356271640504212;0,036269415966083
"arrondissement_bala";0,0356274396287023;0,0362697015394668
"cr.__bala";0,0356244577507365;0,0362666115142842
"cr.__goumbayel";0,0356293504382375;0,0362716816553854
"cr.__koar";0,0356284216506137;0,0362707191795195
"ar.rondissement_boynguel_bam";0,0356281713350245;0,0362704597848365
"cr.__dougue";0,0356298266620084;0,0362721751527109
"cr.__boynguel_bamba";0,0356290918155413;0,0362714136520437
"cr.__koussan";0,0356302179729935;0,0362725806574757
"cr.__sinthiou_mamadou_boubou";0,0356293344778625;0,0362716651161008
"arrondissement_dianke_makha";0,0356286311186147;0,0362709362450984
"cr.__bani___israel";0,0356331363714306;0,0362756049181687
"cr.__boutoucoufara";0,035632968967349;0,0362754314414171
"cr.__dianke_makha";0,0356320559745619;0,0362744853298549
"cr.__komoti";0,0356263608019676;0,0362685835846115
"arrondissement_koulor";0,0356288642992943;0,0362711778834877
"cr.__koulor";0,0356274940975327;0,0362697579838669
"cr.__sinthiou_bocar_ali";0,0356318445575689;0,0362742662438422
"departement___koumpentoum";0,0356289666045361;0,0362712838994665
"com._koumpentoum";0,0356308180906368;0,0362732025431214
"com._malem_niani";0,0356255626710077;0,0362677565069023
"arrondissement_bamba_thialen";0,0356289731974105;0,0362712907314731
"cr.__bamba__thialene";0,0356304353564181;0,0362728059259827
"cr.__kahene";0,0356288659730176;0,0362711796179189
"cr.__mereto";0,0356276918018121;0,036269962858853
"cr.__n.dame";0,0356285213221561;0,0362708224662256
"arrondissement_kouthiaba_wol";0,0356287764090071;0,0362710868053202
"cr.__kouthia_gaydi";0,0356312092020781;0,0362736078415065
"cr.__kouthiaba_wolof";0,0356287146912685;0,0362710228490142
"cr.__pass_koto";0,0356279232750542;0,0362702027276487
"cr.__payar";0,0356295299712198;0,0362718677003475
"region__thies";0,0267025063789566;0,0270622128534801
"zoneurbaine_thies";0,0375051252712788;0,0382173182135912
"zonerurale_thies";0,0149373057001943;0,0150494248078568
"departement_mbour";0,0267025329142104;0,027062240106837
"com._joal__fadiouth";0,0267018625487657;0,0270615516000323
"com._m.bour";0,0267026191093314;0,0270623286345948
"com._guekokh";0,0267027096754395;0,0270624216516369
"com._thiadiaye";0,0267035680056547;0,0270633032107246
"com._n.gaparou";0,0267038745751154;0,0270636180770158
"com._popoguine";0,0267049036918612;0,027064675045928
"com._saly_portudal";0,0267032476860317;0,0270629742222472
"com._somone";0,0267045109888015;0,0270642717145668
"arrondissement__fissel";0,0267023155357787;0,0270620168456821
"cr.__fissel";0,0267025229984646;0,027062229922749
"cr.__n.diaganiao";0,0267021442444025;0,027061840918831
"arrondissement__sessene";0,026702558071411;0,0270622659448481
"cr.__n.gueniene";0,0267022100802995;0,0270619085363708
"cr.__sandiara";0,026703390995566;0,0270631214101744
"cr.__sessene";0,0267020867921148;0,0270617819117802
"arrondissement__sindia";0,0267026817355671;0,0270623929556444
"cr.__malicounda";0,0267028639474996;0,0270625800986848
"cr.__diass";0,0267021441159327;0,0270618407868846
"cr.__sindia";0,0267021581259504;0,0270618551760393
"departement_thies";0,0267025233785403;0,0270622303131103
"com._khombole";0,0267043528636171;0,0270641093098525
"com._pout";0,0267036687722735;0,0270634067044262
"com._cayar";0,0267037116809445;0,027063450774353
"arrondissement_thies_nord";0,0267026340568454;0,0270623439866235
"ca._thies_nord";0,0267026340568454;0,0270623439866235
"arrondissement_thies_sud";0,0267025880239985;0,027062296708021
"ca._thies_est";0,0267023786072373;0,0270620816239837
"ca._thies_ouest";0,0267021856769708;0,0270618834726417
"arrondissemnt__notto";0,0267021881679384;0,0270618860310197
"cr.__notto";0,026702401496171;0,0270621051323399
"cr.__tassette";0,02670174675244;0,0270614326700853
"arrondissemnt_thienaba";0,0267025260817632;0,0270622330894885
"cr.__n.dieyene_sirakh";0,0267031793300136;0,0270629040163144
"cr.__n.goundiane";0,0267025053019693;0,0270622117473471
"cr.__thienaba";0,0267019457273695;0,0270616370295818
"cr.__touba_toul";0,0267029235568552;0,0270626413212252
"arrondissemnt__keur_moussa";0,0267022462177642;0,0270619456517849
"cr.__diender_guedji";0,0267032071865413;0,0270629326267211
"cr.__fandene";0,0267023973825107;0,0270621009073553
"cr.__keur_moussa";0,0267022810406837;0,0270619814170809
"departement__tivaouane";0,0267024420197688;0,0270621467525924
"com._mekhe";0,0267014218175264;0,0270610989420217
"com._tivaouane";0,0267027641363193;0,0270624775863615
"com._m.boro";0,0267020598268324;0,0270617542167697
"arrondissement__meouane";0,0267027551835653;0,0270624683913239
"cr.__meouane";0,026703349478349;0,0270630787693729
"cr.__taiba_n.diaye";0,0267023092602051;0,027062010400279
"cr.__darou_khoudoss";0,0267025448917207;0,0270622524084856
"arrondissement__merina_dakhar";0,0267025364922824;0,0270622437817396
"cr.__koul";0,0267019901765965;0,0270616826816787
"cr.__merina_dakhar";0,0267018357016055;0,0270615240263468
"cr.__pekesse";0,0267025218015915;0,0270622286934858
"arrondissement__niakhene";0,0267025726572969;0,0270622809254613
"cr.__m.bayene";0,0267025326330419;0,0270622398180593
"cr.__n.gandiouf";0,0267017443665633;0,0270614302196435
"cr.__niakhene";0,0267034270473433;0,027063158437626
"cr.__thilmakha";0,0267038117074478;0,0270635535079238
"arrondissement__pambal";0,0267027042035705;0,0270624160316859
"cr.__cherif_lo";0,0267013883698682;0,0270610645892337
"cr.__mont__rolland";0,0267018033908001;0,0270614908411624
"cr.__notto_gouye_diama";0,0267036498414153;0,0270633872612347
"cr.__pire_goureye";0,0267025989347287;0,0270623079140206
"cr._pambal";0,0267003470492746;0,027059995089953
"region_ziguinchor";0,0318240446357512;0,0323358442939625
"zoneurbaine__ziguinchor";0,0410280888947029;0,0418813704305754
"zonerurale__ziguinchor";0,023115902555694;0,0233851456275482
"departement_bignona";0,0318240607628481;0,032335860942543
"com._bignona";0,0318231304368211;0,0323349005340696
"com._thionck_essyl";0,0318252033552322;0,0323370404823093
"com._diouloulou";0,0318231919005337;0,0323349639852073
"arrondissement_sindian";0,0318239644579519;0,0323357615235498
"cr.__djibidione";0,0318267887065959;0,0323386771005416
"cr.__oulampane";0,0318241936474958;0,0323359981241391
"cr.__sindian";0,0318258388837088;0,0323376965621045
"cr.__suelle";0,0318219543392173;0,0323336864081807
"arrondissemn_tendouck";0,031823975365743;0,0323357727840528
"cr.__balingore";0,0318249960714581;0,0323368264956136
"cr.__diegoune";0,0318241858632044;0,032335990088135
"cr.__karthiack";0,0318272176808083;0,0323391199473075
"cr.__mangagoulack";0,0318225786949689;0,0323343309518567
"cr.__mlomp";0,0318170943638323;0,0323286693040672
"arrondissemnt_tenghory";0,0318237895931883;0,0323355810044166
"cr.__coubalan";0,0318243914507251;0,0323362023235536
"cr.__niamone";0,0318275352592347;0,0323394477959926
"cr.__ouonck";0,0318224861141677;0,0323342353775216
"cr.__tenghory";0,0318240548141472;0,0323358548014856
"arrondissement__kataba_i";0,0318238984917616;0,0323356934242947
"cr.__djinaki";0,0318247670271424;0,0323365900447588
"cr.__kafountine";0,0318247186781342;0,0323365401323097
"cr.__kataba_i";0,0318245041861222;0,0323363187043919
"departement_oussouye";0,0318243536749825;0,0323361633262875
"com._oussouye";0,031821034568214;0,0323327368980268
"arrondissement__cabrousse";0,0318237913162477;0,0323355827831922
"cr.__djembering";0,0318249129755239;0,032336740712624
"cr.__santhiaba_manjacque";0,0318247884604553;0,0323366121711521
"arrondissement___loudia_ouolof";0,0318229544870982;0,032334718895046
"cr.__mlomp.1";0,0318225864585792;0,0323343389664981
"cr.__oukout";0,0318234495956978;0,0323352300129696
"departement_ziguinchor";0,0318239680664249;0,0323357652487055
"com._ziguinchor";0,0318241213081677;0,0323359234456495
"arrondissement__niaguis";0,0318247793038173;0,0323366027184195
"cr.__adeane";0,0318254764515755;0,0323373224098187
"cr.__boutoupa_camar";0,0318291686889293;0,0323411340512789
"cr.__niaguis";0,0318214597968852;0,0323331758755983
"arrondissement___niassia";0,0318238103607863;0,0323356024435473
"cr.__enampore";0,031828168137488;0,032340101141386
