stations;cellules
BENDIOUGA;1055
DGPZ037;6622
DGPZ038;6369
DGPZ039;6496
DGPZ040;6560
DGPZ041;6434
DGPZ042;6308
DGPZ043;6373
DGPZ044;6500
DGPZ045;6122
DGPZ046;6186
DGPZ049;6063
DGPZ050;6251
DGPZ051;6127
DGPZ109;6429
DGPZ110;6365
DGPZ111;6305
DGPZ112;6368
DGPZ113;6244
DGPZ114;6182
DGPZ115;6183
DGPZ116;6246
DGPZ118;6006
DGPZ119;5944
DGPZ120;5883
FASS BOYE Pz;8666
KAYAR PS7;17047
NDEUNE;11508
PETIE;2032
SANTHIOU SINE ICS62;9597
TAIBA NDIAYE Pt;13629
TAWA FALL;7803
TEBENE Pz;510
THIAMBENE-TEUREUL;5515
THIOUCOUGNE;4477
